<?xml version="1.0" encoding="utf-8"?>
<PARAMDEF XmlVersion="0">
  <ParamType>BEHAVIOR_PARAM</ParamType>
  <Unk06>0</Unk06>
  <BigEndian>False</BigEndian>
  <Unicode>True</Unicode>
  <Version>201</Version>
  <Fields>
    <Field Def="s32 group_1_enemy_damage_id_0" />
    <Field Def="s32 group_1_enemy_damage_id_1" />
    <Field Def="s32 group_1_enemy_damage_id_2" />
    <Field Def="s32 group_1_enemy_damage_id_3" />
    <Field Def="s32 group_1_enemy_damage_id_4" />
    <Field Def="s32 group_1_enemy_damage_id_5" />
    <Field Def="s32 group_1_unk00" />
    <Field Def="u8 group_1_unk01" />
    <Field Def="u8 group_1_unk02" />
    <Field Def="u8 group_1_unk03" />
    <Field Def="u8 group_1_unk04" />
    <Field Def="s32 group_1_enemy_damage_id_" />
    <Field Def="s32 group_1_unk05" />
    <Field Def="s32 group_1_unk06" />
    <Field Def="f32 group_1_unk07" />
    <Field Def="f32 group_1_unk08" />
    <Field Def="f32 group_1_attack_speed" />
    <Field Def="f32 group_1_recovery_speed" />
    <Field Def="f32 group_1_unk09" />
    <Field Def="f32 group_1_unk10" />
    <Field Def="f32 group_1_unk11" />
    <Field Def="f32 group_1_unk12" />
    <Field Def="s32 group_1_unk13" />
    <Field Def="f32 group_1_atk_cooldown_min" />
    <Field Def="f32 group_1_atk_cooldown_max" />
    <Field Def="s32 group_2_enemy_damage_id_0" />
    <Field Def="s32 group_2_enemy_damage_id_1" />
    <Field Def="s32 group_2_enemy_damage_id_2" />
    <Field Def="s32 group_2_enemy_damage_id_3" />
    <Field Def="s32 group_2_enemy_damage_id_4" />
    <Field Def="s32 group_2_enemy_damage_id_5" />
    <Field Def="s32 group_2_unk00" />
    <Field Def="u8 group_2_unk01" />
    <Field Def="u8 group_2_unk02" />
    <Field Def="u8 group_2_unk03" />
    <Field Def="u8 group_2_unk04" />
    <Field Def="s32 group_2_enemy_damage_id_" />
    <Field Def="s32 group_2_unk05" />
    <Field Def="s32 group_2_unk06" />
    <Field Def="f32 group_2_unk07" />
    <Field Def="f32 group_2_unk08" />
    <Field Def="f32 group_2_attack_speed" />
    <Field Def="f32 group_2_recovery_speed" />
    <Field Def="f32 group_2_unk09" />
    <Field Def="f32 group_2_unk10" />
    <Field Def="f32 group_2_unk11" />
    <Field Def="f32 group_2_unk12" />
    <Field Def="s32 group_2_unk13" />
    <Field Def="f32 group_2_atk_cooldown_min" />
    <Field Def="f32 group_2_atk_cooldown_max" />
    <Field Def="s32 group_3_enemy_damage_id_0" />
    <Field Def="s32 group_3_enemy_damage_id_1" />
    <Field Def="s32 group_3_enemy_damage_id_2" />
    <Field Def="s32 group_3_enemy_damage_id_3" />
    <Field Def="s32 group_3_enemy_damage_id_4" />
    <Field Def="s32 group_3_enemy_damage_id_5" />
    <Field Def="s32 group_3_unk00" />
    <Field Def="u8 group_3_unk01" />
    <Field Def="u8 group_3_unk02" />
    <Field Def="u8 group_3_unk03" />
    <Field Def="u8 group_3_unk04" />
    <Field Def="s32 group_3_enemy_damage_id_" />
    <Field Def="s32 group_3_unk05" />
    <Field Def="s32 group_3_unk06" />
    <Field Def="f32 group_3_unk07" />
    <Field Def="f32 group_3_unk08" />
    <Field Def="f32 group_3_attack_speed" />
    <Field Def="f32 group_3_recovery_speed" />
    <Field Def="f32 group_3_unk09" />
    <Field Def="f32 group_3_unk10" />
    <Field Def="f32 group_3_unk11" />
    <Field Def="f32 group_3_unk12" />
    <Field Def="s32 group_3_unk13" />
    <Field Def="f32 group_3_atk_cooldown_min" />
    <Field Def="f32 group_3_atk_cooldown_max" />
    <Field Def="s32 group_4_enemy_damage_id_0" />
    <Field Def="s32 group_4_enemy_damage_id_1" />
    <Field Def="s32 group_4_enemy_damage_id_2" />
    <Field Def="s32 group_4_enemy_damage_id_3" />
    <Field Def="s32 group_4_enemy_damage_id_4" />
    <Field Def="s32 group_4_enemy_damage_id_5" />
    <Field Def="s32 group_4_unk00" />
    <Field Def="u8 group_4_unk01" />
    <Field Def="u8 group_4_unk02" />
    <Field Def="u8 group_4_unk03" />
    <Field Def="u8 group_4_unk04" />
    <Field Def="s32 group_4_enemy_damage_id_" />
    <Field Def="s32 group_4_unk05" />
    <Field Def="s32 group_4_unk06" />
    <Field Def="f32 group_4_unk07" />
    <Field Def="f32 group_4_unk08" />
    <Field Def="f32 group_4_attack_speed" />
    <Field Def="f32 group_4_recovery_speed" />
    <Field Def="f32 group_4_unk09" />
    <Field Def="f32 group_4_unk10" />
    <Field Def="f32 group_4_unk11" />
    <Field Def="f32 group_4_unk12" />
    <Field Def="s32 group_4_unk13" />
    <Field Def="f32 group_4_atk_cooldown_min" />
    <Field Def="f32 group_4_atk_cooldown_max" />
    <Field Def="s32 group_5_enemy_damage_id_0" />
    <Field Def="s32 group_5_enemy_damage_id_1" />
    <Field Def="s32 group_5_enemy_damage_id_2" />
    <Field Def="s32 group_5_enemy_damage_id_3" />
    <Field Def="s32 group_5_enemy_damage_id_4" />
    <Field Def="s32 group_5_enemy_damage_id_5" />
    <Field Def="s32 group_5_unk00" />
    <Field Def="u8 group_5_unk01" />
    <Field Def="u8 group_5_unk02" />
    <Field Def="u8 group_5_unk03" />
    <Field Def="u8 group_5_unk04" />
    <Field Def="s32 group_5_enemy_damage_id_" />
    <Field Def="s32 group_5_unk05" />
    <Field Def="s32 group_5_unk06" />
    <Field Def="f32 group_5_unk07" />
    <Field Def="f32 group_5_unk08" />
    <Field Def="f32 group_5_attack_speed" />
    <Field Def="f32 group_5_recovery_speed" />
    <Field Def="f32 group_5_unk09" />
    <Field Def="f32 group_5_unk10" />
    <Field Def="f32 group_5_unk11" />
    <Field Def="f32 group_5_unk12" />
    <Field Def="s32 group_5_unk13" />
    <Field Def="f32 group_5_atk_cooldown_min" />
    <Field Def="f32 group_5_atk_cooldown_max" />
    <Field Def="s32 group_6_enemy_damage_id_0" />
    <Field Def="s32 group_6_enemy_damage_id_1" />
    <Field Def="s32 group_6_enemy_damage_id_2" />
    <Field Def="s32 group_6_enemy_damage_id_3" />
    <Field Def="s32 group_6_enemy_damage_id_4" />
    <Field Def="s32 group_6_enemy_damage_id_5" />
    <Field Def="s32 group_6_unk00" />
    <Field Def="u8 group_6_unk01" />
    <Field Def="u8 group_6_unk02" />
    <Field Def="u8 group_6_unk03" />
    <Field Def="u8 group_6_unk04" />
    <Field Def="s32 group_6_enemy_damage_id_" />
    <Field Def="s32 group_6_unk05" />
    <Field Def="s32 group_6_unk06" />
    <Field Def="f32 group_6_unk07" />
    <Field Def="f32 group_6_unk08" />
    <Field Def="f32 group_6_attack_speed" />
    <Field Def="f32 group_6_recovery_speed" />
    <Field Def="f32 group_6_unk09" />
    <Field Def="f32 group_6_unk10" />
    <Field Def="f32 group_6_unk11" />
    <Field Def="f32 group_6_unk12" />
    <Field Def="s32 group_6_unk13" />
    <Field Def="f32 group_6_atk_cooldown_min" />
    <Field Def="f32 group_6_atk_cooldown_max" />
    <Field Def="s32 group_7_enemy_damage_id_0" />
    <Field Def="s32 group_7_enemy_damage_id_1" />
    <Field Def="s32 group_7_enemy_damage_id_2" />
    <Field Def="s32 group_7_enemy_damage_id_3" />
    <Field Def="s32 group_7_enemy_damage_id_4" />
    <Field Def="s32 group_7_enemy_damage_id_5" />
    <Field Def="s32 group_7_unk00" />
    <Field Def="u8 group_7_unk01" />
    <Field Def="u8 group_7_unk02" />
    <Field Def="u8 group_7_unk03" />
    <Field Def="u8 group_7_unk04" />
    <Field Def="s32 group_7_enemy_damage_id_" />
    <Field Def="s32 group_7_unk05" />
    <Field Def="s32 group_7_unk06" />
    <Field Def="f32 group_7_unk07" />
    <Field Def="f32 group_7_unk08" />
    <Field Def="f32 group_7_attack_speed" />
    <Field Def="f32 group_7_recovery_speed" />
    <Field Def="f32 group_7_unk09" />
    <Field Def="f32 group_7_unk10" />
    <Field Def="f32 group_7_unk11" />
    <Field Def="f32 group_7_unk12" />
    <Field Def="s32 group_7_unk13" />
    <Field Def="f32 group_7_atk_cooldown_min" />
    <Field Def="f32 group_7_atk_cooldown_max" />
    <Field Def="s32 group_8_enemy_damage_id_0" />
    <Field Def="s32 group_8_enemy_damage_id_1" />
    <Field Def="s32 group_8_enemy_damage_id_2" />
    <Field Def="s32 group_8_enemy_damage_id_3" />
    <Field Def="s32 group_8_enemy_damage_id_4" />
    <Field Def="s32 group_8_enemy_damage_id_5" />
    <Field Def="s32 group_8_unk00" />
    <Field Def="u8 group_8_unk01" />
    <Field Def="u8 group_8_unk02" />
    <Field Def="u8 group_8_unk03" />
    <Field Def="u8 group_8_unk04" />
    <Field Def="s32 group_8_enemy_damage_id_" />
    <Field Def="s32 group_8_unk05" />
    <Field Def="s32 group_8_unk06" />
    <Field Def="f32 group_8_unk07" />
    <Field Def="f32 group_8_unk08" />
    <Field Def="f32 group_8_attack_speed" />
    <Field Def="f32 group_8_recovery_speed" />
    <Field Def="f32 group_8_unk09" />
    <Field Def="f32 group_8_unk10" />
    <Field Def="f32 group_8_unk11" />
    <Field Def="f32 group_8_unk12" />
    <Field Def="s32 group_8_unk13" />
    <Field Def="f32 group_8_atk_cooldown_min" />
    <Field Def="f32 group_8_atk_cooldown_max" />
    <Field Def="s32 group_9_enemy_damage_id_0" />
    <Field Def="s32 group_9_enemy_damage_id_1" />
    <Field Def="s32 group_9_enemy_damage_id_2" />
    <Field Def="s32 group_9_enemy_damage_id_3" />
    <Field Def="s32 group_9_enemy_damage_id_4" />
    <Field Def="s32 group_9_enemy_damage_id_5" />
    <Field Def="s32 group_9_unk00" />
    <Field Def="u8 group_9_unk01" />
    <Field Def="u8 group_9_unk02" />
    <Field Def="u8 group_9_unk03" />
    <Field Def="u8 group_9_unk04" />
    <Field Def="s32 group_9_enemy_damage_id_" />
    <Field Def="s32 group_9_unk05" />
    <Field Def="s32 group_9_unk06" />
    <Field Def="f32 group_9_unk07" />
    <Field Def="f32 group_9_unk08" />
    <Field Def="f32 group_9_attack_speed" />
    <Field Def="f32 group_9_recovery_speed" />
    <Field Def="f32 group_9_unk09" />
    <Field Def="f32 group_9_unk10" />
    <Field Def="f32 group_9_unk11" />
    <Field Def="f32 group_9_unk12" />
    <Field Def="s32 group_9_unk13" />
    <Field Def="f32 group_9_atk_cooldown_min" />
    <Field Def="f32 group_9_atk_cooldown_max" />
    <Field Def="s32 group_10_enemy_damage_id_0" />
    <Field Def="s32 group_10_enemy_damage_id_1" />
    <Field Def="s32 group_10_enemy_damage_id_2" />
    <Field Def="s32 group_10_enemy_damage_id_3" />
    <Field Def="s32 group_10_enemy_damage_id_4" />
    <Field Def="s32 group_10_enemy_damage_id_5" />
    <Field Def="s32 group_10_unk00" />
    <Field Def="u8 group_10_unk01" />
    <Field Def="u8 group_10_unk02" />
    <Field Def="u8 group_10_unk03" />
    <Field Def="u8 group_10_unk04" />
    <Field Def="s32 group_10_enemy_damage_id_" />
    <Field Def="s32 group_10_unk05" />
    <Field Def="s32 group_10_unk06" />
    <Field Def="f32 group_10_unk07" />
    <Field Def="f32 group_10_unk08" />
    <Field Def="f32 group_10_attack_speed" />
    <Field Def="f32 group_10_recovery_speed" />
    <Field Def="f32 group_10_unk09" />
    <Field Def="f32 group_10_unk10" />
    <Field Def="f32 group_10_unk11" />
    <Field Def="f32 group_10_unk12" />
    <Field Def="s32 group_10_unk13" />
    <Field Def="f32 group_10_atk_cooldown_min" />
    <Field Def="f32 group_10_atk_cooldown_max" />
  </Fields>
</PARAMDEF>
