<?xml version="1.0" encoding="utf-8"?>
<PARAMDEF XmlVersion="0">
  <ParamType>CAMERA_EVENT_PARAM</ParamType>
  <Unk06>0</Unk06>
  <BigEndian>False</BigEndian>
  <Unicode>True</Unicode>
  <Version>201</Version>
  <Fields>
    <Field Def="s32 Unk00" />
    <Field Def="f32 Unk01" />
    <Field Def="f32 Unk02" />
    <Field Def="f32 Unk03" />
    <Field Def="f32 Unk04" />
    <Field Def="f32 Unk05" />
    <Field Def="f32 Unk06" />
    <Field Def="f32 Unk07" />
    <Field Def="f32 Unk08" />
    <Field Def="f32 Unk09" />
    <Field Def="f32 Unk10" />
    <Field Def="f32 Unk11" />
    <Field Def="f32 Unk12" />
    <Field Def="s32 Unk13" />
    <Field Def="f32 Unk14" />
  </Fields>
</PARAMDEF>
