<?xml version="1.0" encoding="utf-8"?>
<PARAMDEF XmlVersion="0">
  <ParamType>CHR_MULTIPLAY_PARAM</ParamType>
  <Unk06>0</Unk06>
  <BigEndian>False</BigEndian>
  <Unicode>True</Unicode>
  <Version>201</Version>
  <Fields>
    <Field Def="s32 Unk00" />
    <Field Def="s32 Unk04" />
    <Field Def="s32 Unk08" />
    <Field Def="s32 Unk0C" />
    <Field Def="s32 Unk10" />
    <Field Def="s32 Unk14" />
    <Field Def="s32 Unk18" />
    <Field Def="s32 Unk1C" />
    <Field Def="s32 Unk20" />
  </Fields>
</PARAMDEF>
