<?xml version="1.0" encoding="utf-8"?>
<PARAMDEF XmlVersion="0">
  <ParamType>CHR_COMMON_PARAM</ParamType>
  <Unk06>0</Unk06>
  <BigEndian>False</BigEndian>
  <Unicode>True</Unicode>
  <Version>201</Version>
  <Fields>
    <Field Def="s32 chr_size" />
    <Field Def="s32 Unk00" />
    <Field Def="f32 Unk01" />
    <Field Def="f32 Unk02" />
    <Field Def="f32 stamina_exhaustion_time" />
    <Field Def="f32 stamina_consumption_sprint" />
    <Field Def="f32 stamina_consumption_sprint_lockon" />
    <Field Def="f32 stamina_consumption_sprint_ladder" />
    <Field Def="f32 Unk03" />
    <Field Def="f32 stamina_consumption_base_action" />
    <Field Def="f32 stamina_consumption_backstep" />
    <Field Def="f32 stamina_consumption_roll" />
    <Field Def="f32 stamina_consumption_jump" />
    <Field Def="f32 Unk04" />
    <Field Def="f32 stamina_consumption_sequential_roll" />
    <Field Def="f32 stamina_consumption_queued_roll" />
    <Field Def="f32 Unk05" />
    <Field Def="f32 Unk06" />
    <Field Def="f32 Unk07" />
    <Field Def="f32 Unk08" />
    <Field Def="f32 Unk09" />
    <Field Def="f32 Unk10" />
    <Field Def="f32 Unk11" />
    <Field Def="f32 Unk12" />
    <Field Def="f32 Unk13" />
    <Field Def="f32 Unk14" />
    <Field Def="f32 Unk15" />
    <Field Def="f32 Unk16" />
    <Field Def="u8 poise_break_handling" />
    <Field Def="u8 Unk17" />
    <Field Def="u16 Unk18" />
    <Field Def="f32 Unk19" />
    <Field Def="f32 low_hp_state_threshold_max" />
    <Field Def="f32 low_hp_state_threshold_min" />
    <Field Def="f32 Unk20" />
    <Field Def="f32 Unk21" />
    <Field Def="s32 Unk22" />
    <Field Def="f32 hit_capsule_height" />
    <Field Def="f32 hit_capsule_radius" />
    <Field Def="f32 Unk23" />
    <Field Def="f32 block_angle" />
    <Field Def="f32 parry_angle" />
    <Field Def="f32 movement_speed_limit" />
    <Field Def="f32 Unk25" />
    <Field Def="f32 Unk26" />
    <Field Def="f32 Unk27" />
    <Field Def="f32 Unk28" />
    <Field Def="f32 Unk29" />
    <Field Def="f32 Unk30" />
    <Field Def="f32 Unk31" />
    <Field Def="s32 lockon_camera_offset_id" />
    <Field Def="f32 Unk32" />
    <Field Def="f32 Unk33" />
    <Field Def="f32 Unk34" />
    <Field Def="f32 Unk35" />
    <Field Def="f32 Unk36" />
    <Field Def="f32 Unk37" />
    <Field Def="f32 Unk38" />
    <Field Def="f32 Unk39" />
    <Field Def="f32 Unk40" />
    <Field Def="f32 Unk41" />
    <Field Def="s32 Unk42" />
    <Field Def="f32 Unk43" />
    <Field Def="f32 Unk44" />
    <Field Def="s32 Unk45" />
    <Field Def="f32 Unk46" />
    <Field Def="f32 backstab_hitbox_angle_xy" />
    <Field Def="f32 backstab_hitbox_angle_z" />
    <Field Def="f32 backstab_hitbox_height" />
    <Field Def="f32 backstab_hitbox_radius" />
    <Field Def="f32 riposte_hitbox_angle_xy" />
    <Field Def="f32 riposte_hitbox_angle_z" />
    <Field Def="f32 riposte_hitbox_height" />
    <Field Def="f32 riposte_hitbox_radius" />
    <Field Def="f32 guardbreak_hitbox_angle_xy" />
    <Field Def="f32 guardbreak_hitbox_angle_z" />
    <Field Def="f32 guardbreak_hitbox_height" />
    <Field Def="f32 guardbreak_hitbox_radius" />
    <Field Def="s32 Unk47" />
    <Field Def="f32 Unk48" />
    <Field Def="f32 Unk49" />
    <Field Def="f32 Unk50" />
    <Field Def="f32 Unk51" />
    <Field Def="f32 Unk52" />
    <Field Def="f32 Unk53" />
    <Field Def="f32 Unk54" />
    <Field Def="f32 Unk55" />
    <Field Def="f32 Unk56" />
    <Field Def="f32 Unk57" />
    <Field Def="f32 Unk58" />
    <Field Def="f32 Unk59" />
    <Field Def="f32 unknown_rotate_speed" />
    <Field Def="f32 poise_break_rotate_speed" />
    <Field Def="f32 Unk60" />
    <Field Def="f32 Unk61" />
    <Field Def="f32 stance_break_anim_speed" />
    <Field Def="f32 Unk62" />
    <Field Def="f32 Unk63" />
    <Field Def="f32 Unk64" />
    <Field Def="f32 stance_break_anim_wait_speed" />
    <Field Def="f32 Unk65" />
    <Field Def="f32 Unk66" />
    <Field Def="f32 Unk67" />
    <Field Def="f32 Unk68" />
    <Field Def="f32 Unk69" />
    <Field Def="f32 Unk70" />
    <Field Def="f32 Unk71" />
    <Field Def="s32 Unk72" />
    <Field Def="f32 Unk73" />
    <Field Def="f32 Unk74" />
    <Field Def="f32 Unk75" />
    <Field Def="f32 Unk76" />
    <Field Def="f32 Unk77" />
    <Field Def="f32 Unk78" />
    <Field Def="f32 Unk79" />
    <Field Def="f32 Unk80" />
    <Field Def="f32 Unk81" />
    <Field Def="f32 Unk82" />
    <Field Def="f32 Unk83" />
    <Field Def="f32 Unk84" />
    <Field Def="f32 Unk85" />
    <Field Def="f32 Unk86" />
    <Field Def="f32 Unk87" />
    <Field Def="f32 Unk88" />
    <Field Def="f32 Unk89" />
    <Field Def="f32 Unk90" />
    <Field Def="f32 Unk91" />
    <Field Def="f32 Unk92" />
    <Field Def="f32 Unk93" />
    <Field Def="f32 Unk94" />
    <Field Def="f32 Unk95" />
    <Field Def="s32 Unk96" />
    <Field Def="s32 Unk97" />
    <Field Def="f32 Unk98" />
    <Field Def="f32 Unk99" />
    <Field Def="f32 Unk100" />
    <Field Def="f32 Unk101" />
    <Field Def="f32 Unk102" />
    <Field Def="f32 Unk103" />
    <Field Def="f32 Unk104" />
    <Field Def="f32 Unk105" />
    <Field Def="s32 Unk106" />
    <Field Def="s32 Unk107" />
    <Field Def="f32 Unk108" />
    <Field Def="f32 Unk109" />
    <Field Def="f32 Unk110" />
    <Field Def="f32 Unk111" />
    <Field Def="f32 Unk112" />
    <Field Def="f32 Unk113" />
    <Field Def="f32 Unk114" />
    <Field Def="f32 Unk115" />
    <Field Def="s32 Unk116" />
    <Field Def="f32 Unk117" />
    <Field Def="f32 Unk118" />
    <Field Def="f32 Unk119" />
    <Field Def="f32 headshot_damage_mult" />
    <Field Def="f32 Unk120" />
    <Field Def="f32 crit_damage_mult" />
    <Field Def="f32 absorption_slash" />
    <Field Def="f32 absorption_thrust" />
    <Field Def="f32 absorption_strike" />
    <Field Def="f32 Unk121" />
    <Field Def="f32 Unk122" />
    <Field Def="s32 Unk123" />
    <Field Def="f32 Unk124" />
    <Field Def="f32 Unk125" />
    <Field Def="f32 Unk126" />
    <Field Def="f32 Unk127" />
    <Field Def="s32 Unk128" />
    <Field Def="s32 Unk129" />
    <Field Def="s32 Unk130" />
    <Field Def="s32 equip_weapon_id" />
    <Field Def="f32 Unk131" />
    <Field Def="f32 Unk132" />
    <Field Def="f32 Unk133" />
    <Field Def="f32 Unk134" />
    <Field Def="f32 Unk135" />
    <Field Def="f32 Unk136" />
    <Field Def="f32 Unk137" />
    <Field Def="f32 Unk138" />
    <Field Def="f32 Unk139" />
    <Field Def="f32 Unk140" />
    <Field Def="f32 Unk141" />
    <Field Def="f32 Unk142" />
    <Field Def="f32 Unk143" />
    <Field Def="f32 Unk144" />
    <Field Def="f32 Unk145" />
    <Field Def="f32 Unk146" />
    <Field Def="f32 Unk147" />
    <Field Def="f32 Unk148" />
    <Field Def="f32 Unk149" />
    <Field Def="f32 Unk150" />
    <Field Def="f32 Unk151" />
    <Field Def="f32 Unk152" />
    <Field Def="f32 Unk153" />
    <Field Def="f32 Unk154" />
    <Field Def="f32 Unk155" />
    <Field Def="f32 Unk156" />
    <Field Def="f32 Unk157" />
    <Field Def="f32 Unk158" />
    <Field Def="f32 Unk159" />
    <Field Def="s32 Unk160" />
    <Field Def="s32 Unk161" />
    <Field Def="s32 Unk162" />
    <Field Def="s32 Unk163" />
    <Field Def="s32 Unk164" />
    <Field Def="f32 Unk165" />
    <Field Def="f32 Unk166" />
    <Field Def="f32 Unk167" />
    <Field Def="f32 Unk168" />
    <Field Def="f32 Unk169" />
    <Field Def="f32 Unk170" />
    <Field Def="s32 Unk171" />
    <Field Def="f32 critical_absorption_slash" />
    <Field Def="f32 critical_absorption_thrust" />
    <Field Def="f32 critical_absorption_strike" />
    <Field Def="f32 critical_absorption_standard" />
    <Field Def="f32 Unk173" />
    <Field Def="f32 Unk174" />
    <Field Def="f32 Unk175" />
    <Field Def="f32 Unk176" />
    <Field Def="f32 Unk177" />
    <Field Def="f32 Unk178" />
    <Field Def="s32 Unk179" />
    <Field Def="f32 bullet_absorption_physical" />
    <Field Def="f32 bullet_absorption_magic" />
    <Field Def="f32 bullet_absorption_lightning" />
    <Field Def="f32 bullet_absorption_fire" />
    <Field Def="f32 bullet_absorption_dark" />
  </Fields>
</PARAMDEF>
