<?xml version="1.0" encoding="utf-8"?>
<PARAMDEF XmlVersion="0">
  <ParamType>COMBO_BEHAVIOR_PARAM</ParamType>
  <Unk06>0</Unk06>
  <BigEndian>False</BigEndian>
  <Unicode>True</Unicode>
  <Version>201</Version>
  <Fields>
    <Field Def="s32 group_1_unk00" />
    <Field Def="u8 group_1_unk01" />
    <Field Def="u8 group_1_unk02" />
    <Field Def="u8 group_1_unk03" />
    <Field Def="u8 group_1_unk04" />
    <Field Def="s32 group_1_enemy_damage_id_0" />
    <Field Def="s32 group_1_enemy_damage_id_1" />
    <Field Def="s32 group_1_enemy_damage_id_2" />
    <Field Def="s32 group_1_enemy_damage_id_3" />
    <Field Def="s32 group_1_enemy_damage_id_4" />
    <Field Def="s32 group_1_unk05" />
    <Field Def="s32 group_1_unk06" />
    <Field Def="s32 group_1_unk07" />
    <Field Def="s32 group_1_unk08" />
    <Field Def="s32 group_1_unk09" />
    <Field Def="s32 group_1_unk10" />
    <Field Def="s32 group_1_unk11" />
    <Field Def="u8 group_1_unk12" />
    <Field Def="u8 group_1_unk13" />
    <Field Def="u8 group_1_unk14" />
    <Field Def="u8 group_1_unk15" />
    <Field Def="s32 group_1_unk16" />
    <Field Def="s32 group_1_unk17" />
    <Field Def="s32 group_1_unk18" />
    <Field Def="s32 group_1_unk19" />
    <Field Def="u8 group_1_unk20" />
    <Field Def="u8 group_1_unk21" />
    <Field Def="u8 group_1_unk22" />
    <Field Def="u8 group_1_unk23" />
    <Field Def="f32 group_1_unk24" />
    <Field Def="f32 group_1_unk25" />
    <Field Def="f32 group_1_unk26" />
    <Field Def="f32 group_1_unk27" />
    <Field Def="f32 group_1_enemy_damage_id_0_startup_speed" />
    <Field Def="f32 group_1_enemy_damage_id_0_to_1_speed" />
    <Field Def="f32 group_1_enemy_damage_id_1_to_2_speed" />
    <Field Def="f32 group_1_enemy_damage_id_2_to_3_speed" />
    <Field Def="f32 group_1_enemy_damage_id_1_combo_end_recovery_speed" />
    <Field Def="f32 group_1_enemy_damage_id_2_combo_end_recovery_speed" />
    <Field Def="f32 group_1_enemy_damage_id_3_combo_end_recovery_speed" />
    <Field Def="f32 group_1_enemy_damage_id_4_combo_end_recovery_speed" />
    <Field Def="f32 group_1_unk28" />
    <Field Def="f32 group_1_unk29" />
    <Field Def="f32 group_1_unk30" />
    <Field Def="f32 group_1_unk31" />
    <Field Def="f32 group_1_unk32" />
    <Field Def="f32 group_1_unk33" />
    <Field Def="f32 group_1_unk34" />
    <Field Def="f32 group_1_unk35" />
    <Field Def="f32 group_1_unk36" />
    <Field Def="f32 group_1_unk37" />
    <Field Def="f32 group_1_unk38" />
    <Field Def="f32 group_1_unk39" />
    <Field Def="f32 group_1_unk40" />
    <Field Def="f32 group_1_unk41" />
    <Field Def="f32 group_1_unk42" />
    <Field Def="f32 group_1_unk43" />
    <Field Def="f32 group_1_unk44" />
    <Field Def="s32 group_1_unk45" />
    <Field Def="f32 group_1_unk46" />
    <Field Def="s32 group_1_unk47" />
    <Field Def="s32 group_1_unk48" />
    <Field Def="s32 group_1_unk49" />
    <Field Def="s32 group_2_unk00" />
    <Field Def="u8 group_2_unk01" />
    <Field Def="u8 group_2_unk02" />
    <Field Def="u8 group_2_unk03" />
    <Field Def="u8 group_2_unk04" />
    <Field Def="s32 group_2_enemy_damage_id_0" />
    <Field Def="s32 group_2_enemy_damage_id_1" />
    <Field Def="s32 group_2_enemy_damage_id_2" />
    <Field Def="s32 group_2_enemy_damage_id_3" />
    <Field Def="s32 group_2_enemy_damage_id_4" />
    <Field Def="s32 group_2_unk05" />
    <Field Def="s32 group_2_unk06" />
    <Field Def="s32 group_2_unk07" />
    <Field Def="s32 group_2_unk08" />
    <Field Def="s32 group_2_unk09" />
    <Field Def="s32 group_2_unk10" />
    <Field Def="s32 group_2_unk11" />
    <Field Def="u8 group_2_unk12" />
    <Field Def="u8 group_2_unk13" />
    <Field Def="u8 group_2_unk14" />
    <Field Def="u8 group_2_unk15" />
    <Field Def="s32 group_2_unk16" />
    <Field Def="s32 group_2_unk17" />
    <Field Def="s32 group_2_unk18" />
    <Field Def="s32 group_2_unk19" />
    <Field Def="u8 group_2_unk20" />
    <Field Def="u8 group_2_unk21" />
    <Field Def="u8 group_2_unk22" />
    <Field Def="u8 group_2_unk23" />
    <Field Def="f32 group_2_unk24" />
    <Field Def="f32 group_2_unk25" />
    <Field Def="f32 group_2_unk26" />
    <Field Def="f32 group_2_unk27" />
    <Field Def="f32 group_2_enemy_damage_id_0_startup_speed" />
    <Field Def="f32 group_2_enemy_damage_id_0_to_1_speed" />
    <Field Def="f32 group_2_enemy_damage_id_1_to_2_speed" />
    <Field Def="f32 group_2_enemy_damage_id_2_to_3_speed" />
    <Field Def="f32 group_2_enemy_damage_id_1_combo_end_recovery_speed" />
    <Field Def="f32 group_2_enemy_damage_id_2_combo_end_recovery_speed" />
    <Field Def="f32 group_2_enemy_damage_id_3_combo_end_recovery_speed" />
    <Field Def="f32 group_2_enemy_damage_id_4_combo_end_recovery_speed" />
    <Field Def="f32 group_2_unk28" />
    <Field Def="f32 group_2_unk29" />
    <Field Def="f32 group_2_unk30" />
    <Field Def="f32 group_2_unk31" />
    <Field Def="f32 group_2_unk32" />
    <Field Def="f32 group_2_unk33" />
    <Field Def="f32 group_2_unk34" />
    <Field Def="f32 group_2_unk35" />
    <Field Def="f32 group_2_unk36" />
    <Field Def="f32 group_2_unk37" />
    <Field Def="f32 group_2_unk38" />
    <Field Def="f32 group_2_unk39" />
    <Field Def="f32 group_2_unk40" />
    <Field Def="f32 group_2_unk41" />
    <Field Def="f32 group_2_unk42" />
    <Field Def="f32 group_2_unk43" />
    <Field Def="f32 group_2_unk44" />
    <Field Def="s32 group_2_unk45" />
    <Field Def="f32 group_2_unk46" />
    <Field Def="s32 group_2_unk47" />
    <Field Def="s32 group_2_unk48" />
    <Field Def="s32 group_2_unk49" />
    <Field Def="s32 group_3_unk00" />
    <Field Def="u8 group_3_unk01" />
    <Field Def="u8 group_3_unk02" />
    <Field Def="u8 group_3_unk03" />
    <Field Def="u8 group_3_unk04" />
    <Field Def="s32 group_3_enemy_damage_id_0" />
    <Field Def="s32 group_3_enemy_damage_id_1" />
    <Field Def="s32 group_3_enemy_damage_id_2" />
    <Field Def="s32 group_3_enemy_damage_id_3" />
    <Field Def="s32 group_3_enemy_damage_id_4" />
    <Field Def="s32 group_3_unk05" />
    <Field Def="s32 group_3_unk06" />
    <Field Def="s32 group_3_unk07" />
    <Field Def="s32 group_3_unk08" />
    <Field Def="s32 group_3_unk09" />
    <Field Def="s32 group_3_unk10" />
    <Field Def="s32 group_3_unk11" />
    <Field Def="u8 group_3_unk12" />
    <Field Def="u8 group_3_unk13" />
    <Field Def="u8 group_3_unk14" />
    <Field Def="u8 group_3_unk15" />
    <Field Def="s32 group_3_unk16" />
    <Field Def="s32 group_3_unk17" />
    <Field Def="s32 group_3_unk18" />
    <Field Def="s32 group_3_unk19" />
    <Field Def="u8 group_3_unk20" />
    <Field Def="u8 group_3_unk21" />
    <Field Def="u8 group_3_unk22" />
    <Field Def="u8 group_3_unk23" />
    <Field Def="f32 group_3_unk24" />
    <Field Def="f32 group_3_unk25" />
    <Field Def="f32 group_3_unk26" />
    <Field Def="f32 group_3_unk27" />
    <Field Def="f32 group_3_enemy_damage_id_0_startup_speed" />
    <Field Def="f32 group_3_enemy_damage_id_0_to_1_speed" />
    <Field Def="f32 group_3_enemy_damage_id_1_to_2_speed" />
    <Field Def="f32 group_3_enemy_damage_id_2_to_3_speed" />
    <Field Def="f32 group_3_enemy_damage_id_1_combo_end_recovery_speed" />
    <Field Def="f32 group_3_enemy_damage_id_2_combo_end_recovery_speed" />
    <Field Def="f32 group_3_enemy_damage_id_3_combo_end_recovery_speed" />
    <Field Def="f32 group_3_enemy_damage_id_4_combo_end_recovery_speed" />
    <Field Def="f32 group_3_unk28" />
    <Field Def="f32 group_3_unk29" />
    <Field Def="f32 group_3_unk30" />
    <Field Def="f32 group_3_unk31" />
    <Field Def="f32 group_3_unk32" />
    <Field Def="f32 group_3_unk33" />
    <Field Def="f32 group_3_unk34" />
    <Field Def="f32 group_3_unk35" />
    <Field Def="f32 group_3_unk36" />
    <Field Def="f32 group_3_unk37" />
    <Field Def="f32 group_3_unk38" />
    <Field Def="f32 group_3_unk39" />
    <Field Def="f32 group_3_unk40" />
    <Field Def="f32 group_3_unk41" />
    <Field Def="f32 group_3_unk42" />
    <Field Def="f32 group_3_unk43" />
    <Field Def="f32 group_3_unk44" />
    <Field Def="s32 group_3_unk45" />
    <Field Def="f32 group_3_unk46" />
    <Field Def="s32 group_3_unk47" />
    <Field Def="s32 group_3_unk48" />
    <Field Def="s32 group_3_unk49" />
    <Field Def="s32 group_4_unk00" />
    <Field Def="u8 group_4_unk01" />
    <Field Def="u8 group_4_unk02" />
    <Field Def="u8 group_4_unk03" />
    <Field Def="u8 group_4_unk04" />
    <Field Def="s32 group_4_enemy_damage_id_0" />
    <Field Def="s32 group_4_enemy_damage_id_1" />
    <Field Def="s32 group_4_enemy_damage_id_2" />
    <Field Def="s32 group_4_enemy_damage_id_3" />
    <Field Def="s32 group_4_enemy_damage_id_4" />
    <Field Def="s32 group_4_unk05" />
    <Field Def="s32 group_4_unk06" />
    <Field Def="s32 group_4_unk07" />
    <Field Def="s32 group_4_unk08" />
    <Field Def="s32 group_4_unk09" />
    <Field Def="s32 group_4_unk10" />
    <Field Def="s32 group_4_unk11" />
    <Field Def="u8 group_4_unk12" />
    <Field Def="u8 group_4_unk13" />
    <Field Def="u8 group_4_unk14" />
    <Field Def="u8 group_4_unk15" />
    <Field Def="s32 group_4_unk16" />
    <Field Def="s32 group_4_unk17" />
    <Field Def="s32 group_4_unk18" />
    <Field Def="s32 group_4_unk19" />
    <Field Def="u8 group_4_unk20" />
    <Field Def="u8 group_4_unk21" />
    <Field Def="u8 group_4_unk22" />
    <Field Def="u8 group_4_unk23" />
    <Field Def="f32 group_4_unk24" />
    <Field Def="f32 group_4_unk25" />
    <Field Def="f32 group_4_unk26" />
    <Field Def="f32 group_4_unk27" />
    <Field Def="f32 group_4_enemy_damage_id_0_startup_speed" />
    <Field Def="f32 group_4_enemy_damage_id_0_to_1_speed" />
    <Field Def="f32 group_4_enemy_damage_id_1_to_2_speed" />
    <Field Def="f32 group_4_enemy_damage_id_2_to_3_speed" />
    <Field Def="f32 group_4_enemy_damage_id_1_combo_end_recovery_speed" />
    <Field Def="f32 group_4_enemy_damage_id_2_combo_end_recovery_speed" />
    <Field Def="f32 group_4_enemy_damage_id_3_combo_end_recovery_speed" />
    <Field Def="f32 group_4_enemy_damage_id_4_combo_end_recovery_speed" />
    <Field Def="f32 group_4_unk28" />
    <Field Def="f32 group_4_unk29" />
    <Field Def="f32 group_4_unk30" />
    <Field Def="f32 group_4_unk31" />
    <Field Def="f32 group_4_unk32" />
    <Field Def="f32 group_4_unk33" />
    <Field Def="f32 group_4_unk34" />
    <Field Def="f32 group_4_unk35" />
    <Field Def="f32 group_4_unk36" />
    <Field Def="f32 group_4_unk37" />
    <Field Def="f32 group_4_unk38" />
    <Field Def="f32 group_4_unk39" />
    <Field Def="f32 group_4_unk40" />
    <Field Def="f32 group_4_unk41" />
    <Field Def="f32 group_4_unk42" />
    <Field Def="f32 group_4_unk43" />
    <Field Def="f32 group_4_unk44" />
    <Field Def="s32 group_4_unk45" />
    <Field Def="f32 group_4_unk46" />
    <Field Def="s32 group_4_unk47" />
    <Field Def="s32 group_4_unk48" />
    <Field Def="s32 group_4_unk49" />
    <Field Def="s32 group_5_unk00" />
    <Field Def="u8 group_5_unk01" />
    <Field Def="u8 group_5_unk02" />
    <Field Def="u8 group_5_unk03" />
    <Field Def="u8 group_5_unk04" />
    <Field Def="s32 group_5_enemy_damage_id_0" />
    <Field Def="s32 group_5_enemy_damage_id_1" />
    <Field Def="s32 group_5_enemy_damage_id_2" />
    <Field Def="s32 group_5_enemy_damage_id_3" />
    <Field Def="s32 group_5_enemy_damage_id_4" />
    <Field Def="s32 group_5_unk05" />
    <Field Def="s32 group_5_unk06" />
    <Field Def="s32 group_5_unk07" />
    <Field Def="s32 group_5_unk08" />
    <Field Def="s32 group_5_unk09" />
    <Field Def="s32 group_5_unk10" />
    <Field Def="s32 group_5_unk11" />
    <Field Def="u8 group_5_unk12" />
    <Field Def="u8 group_5_unk13" />
    <Field Def="u8 group_5_unk14" />
    <Field Def="u8 group_5_unk15" />
    <Field Def="s32 group_5_unk16" />
    <Field Def="s32 group_5_unk17" />
    <Field Def="s32 group_5_unk18" />
    <Field Def="s32 group_5_unk19" />
    <Field Def="u8 group_5_unk20" />
    <Field Def="u8 group_5_unk21" />
    <Field Def="u8 group_5_unk22" />
    <Field Def="u8 group_5_unk23" />
    <Field Def="f32 group_5_unk24" />
    <Field Def="f32 group_5_unk25" />
    <Field Def="f32 group_5_unk26" />
    <Field Def="f32 group_5_unk27" />
    <Field Def="f32 group_5_enemy_damage_id_0_startup_speed" />
    <Field Def="f32 group_5_enemy_damage_id_0_to_1_speed" />
    <Field Def="f32 group_5_enemy_damage_id_1_to_2_speed" />
    <Field Def="f32 group_5_enemy_damage_id_2_to_3_speed" />
    <Field Def="f32 group_5_enemy_damage_id_1_combo_end_recovery_speed" />
    <Field Def="f32 group_5_enemy_damage_id_2_combo_end_recovery_speed" />
    <Field Def="f32 group_5_enemy_damage_id_3_combo_end_recovery_speed" />
    <Field Def="f32 group_5_enemy_damage_id_4_combo_end_recovery_speed" />
    <Field Def="f32 group_5_unk28" />
    <Field Def="f32 group_5_unk29" />
    <Field Def="f32 group_5_unk30" />
    <Field Def="f32 group_5_unk31" />
    <Field Def="f32 group_5_unk32" />
    <Field Def="f32 group_5_unk33" />
    <Field Def="f32 group_5_unk34" />
    <Field Def="f32 group_5_unk35" />
    <Field Def="f32 group_5_unk36" />
    <Field Def="f32 group_5_unk37" />
    <Field Def="f32 group_5_unk38" />
    <Field Def="f32 group_5_unk39" />
    <Field Def="f32 group_5_unk40" />
    <Field Def="f32 group_5_unk41" />
    <Field Def="f32 group_5_unk42" />
    <Field Def="f32 group_5_unk43" />
    <Field Def="f32 group_5_unk44" />
    <Field Def="s32 group_5_unk45" />
    <Field Def="f32 group_5_unk46" />
    <Field Def="s32 group_5_unk47" />
    <Field Def="s32 group_5_unk48" />
    <Field Def="s32 group_5_unk49" />
    <Field Def="s32 group_6_unk00" />
    <Field Def="u8 group_6_unk01" />
    <Field Def="u8 group_6_unk02" />
    <Field Def="u8 group_6_unk03" />
    <Field Def="u8 group_6_unk04" />
    <Field Def="s32 group_6_enemy_damage_id_0" />
    <Field Def="s32 group_6_enemy_damage_id_1" />
    <Field Def="s32 group_6_enemy_damage_id_2" />
    <Field Def="s32 group_6_enemy_damage_id_3" />
    <Field Def="s32 group_6_enemy_damage_id_4" />
    <Field Def="s32 group_6_unk05" />
    <Field Def="s32 group_6_unk06" />
    <Field Def="s32 group_6_unk07" />
    <Field Def="s32 group_6_unk08" />
    <Field Def="s32 group_6_unk09" />
    <Field Def="s32 group_6_unk10" />
    <Field Def="s32 group_6_unk11" />
    <Field Def="u8 group_6_unk12" />
    <Field Def="u8 group_6_unk13" />
    <Field Def="u8 group_6_unk14" />
    <Field Def="u8 group_6_unk15" />
    <Field Def="s32 group_6_unk16" />
    <Field Def="s32 group_6_unk17" />
    <Field Def="s32 group_6_unk18" />
    <Field Def="s32 group_6_unk19" />
    <Field Def="u8 group_6_unk20" />
    <Field Def="u8 group_6_unk21" />
    <Field Def="u8 group_6_unk22" />
    <Field Def="u8 group_6_unk23" />
    <Field Def="f32 group_6_unk24" />
    <Field Def="f32 group_6_unk25" />
    <Field Def="f32 group_6_unk26" />
    <Field Def="f32 group_6_unk27" />
    <Field Def="f32 group_6_enemy_damage_id_0_startup_speed" />
    <Field Def="f32 group_6_enemy_damage_id_0_to_1_speed" />
    <Field Def="f32 group_6_enemy_damage_id_1_to_2_speed" />
    <Field Def="f32 group_6_enemy_damage_id_2_to_3_speed" />
    <Field Def="f32 group_6_enemy_damage_id_1_combo_end_recovery_speed" />
    <Field Def="f32 group_6_enemy_damage_id_2_combo_end_recovery_speed" />
    <Field Def="f32 group_6_enemy_damage_id_3_combo_end_recovery_speed" />
    <Field Def="f32 group_6_enemy_damage_id_4_combo_end_recovery_speed" />
    <Field Def="f32 group_6_unk28" />
    <Field Def="f32 group_6_unk29" />
    <Field Def="f32 group_6_unk30" />
    <Field Def="f32 group_6_unk31" />
    <Field Def="f32 group_6_unk32" />
    <Field Def="f32 group_6_unk33" />
    <Field Def="f32 group_6_unk34" />
    <Field Def="f32 group_6_unk35" />
    <Field Def="f32 group_6_unk36" />
    <Field Def="f32 group_6_unk37" />
    <Field Def="f32 group_6_unk38" />
    <Field Def="f32 group_6_unk39" />
    <Field Def="f32 group_6_unk40" />
    <Field Def="f32 group_6_unk41" />
    <Field Def="f32 group_6_unk42" />
    <Field Def="f32 group_6_unk43" />
    <Field Def="f32 group_6_unk44" />
    <Field Def="s32 group_6_unk45" />
    <Field Def="f32 group_6_unk46" />
    <Field Def="s32 group_6_unk47" />
    <Field Def="s32 group_6_unk48" />
    <Field Def="s32 group_6_unk49" />
    <Field Def="s32 group_7_unk00" />
    <Field Def="u8 group_7_unk01" />
    <Field Def="u8 group_7_unk02" />
    <Field Def="u8 group_7_unk03" />
    <Field Def="u8 group_7_unk04" />
    <Field Def="s32 group_7_enemy_damage_id_0" />
    <Field Def="s32 group_7_enemy_damage_id_1" />
    <Field Def="s32 group_7_enemy_damage_id_2" />
    <Field Def="s32 group_7_enemy_damage_id_3" />
    <Field Def="s32 group_7_enemy_damage_id_4" />
    <Field Def="s32 group_7_unk05" />
    <Field Def="s32 group_7_unk06" />
    <Field Def="s32 group_7_unk07" />
    <Field Def="s32 group_7_unk08" />
    <Field Def="s32 group_7_unk09" />
    <Field Def="s32 group_7_unk10" />
    <Field Def="s32 group_7_unk11" />
    <Field Def="u8 group_7_unk12" />
    <Field Def="u8 group_7_unk13" />
    <Field Def="u8 group_7_unk14" />
    <Field Def="u8 group_7_unk15" />
    <Field Def="s32 group_7_unk16" />
    <Field Def="s32 group_7_unk17" />
    <Field Def="s32 group_7_unk18" />
    <Field Def="s32 group_7_unk19" />
    <Field Def="u8 group_7_unk20" />
    <Field Def="u8 group_7_unk21" />
    <Field Def="u8 group_7_unk22" />
    <Field Def="u8 group_7_unk23" />
    <Field Def="f32 group_7_unk24" />
    <Field Def="f32 group_7_unk25" />
    <Field Def="f32 group_7_unk26" />
    <Field Def="f32 group_7_unk27" />
    <Field Def="f32 group_7_enemy_damage_id_0_startup_speed" />
    <Field Def="f32 group_7_enemy_damage_id_0_to_1_speed" />
    <Field Def="f32 group_7_enemy_damage_id_1_to_2_speed" />
    <Field Def="f32 group_7_enemy_damage_id_2_to_3_speed" />
    <Field Def="f32 group_7_enemy_damage_id_1_combo_end_recovery_speed" />
    <Field Def="f32 group_7_enemy_damage_id_2_combo_end_recovery_speed" />
    <Field Def="f32 group_7_enemy_damage_id_3_combo_end_recovery_speed" />
    <Field Def="f32 group_7_enemy_damage_id_4_combo_end_recovery_speed" />
    <Field Def="f32 group_7_unk28" />
    <Field Def="f32 group_7_unk29" />
    <Field Def="f32 group_7_unk30" />
    <Field Def="f32 group_7_unk31" />
    <Field Def="f32 group_7_unk32" />
    <Field Def="f32 group_7_unk33" />
    <Field Def="f32 group_7_unk34" />
    <Field Def="f32 group_7_unk35" />
    <Field Def="f32 group_7_unk36" />
    <Field Def="f32 group_7_unk37" />
    <Field Def="f32 group_7_unk38" />
    <Field Def="f32 group_7_unk39" />
    <Field Def="f32 group_7_unk40" />
    <Field Def="f32 group_7_unk41" />
    <Field Def="f32 group_7_unk42" />
    <Field Def="f32 group_7_unk43" />
    <Field Def="f32 group_7_unk44" />
    <Field Def="s32 group_7_unk45" />
    <Field Def="f32 group_7_unk46" />
    <Field Def="s32 group_7_unk47" />
    <Field Def="s32 group_7_unk48" />
    <Field Def="s32 group_7_unk49" />
  </Fields>
</PARAMDEF>
