<?xml version="1.0" encoding="utf-8"?>
<PARAMDEF XmlVersion="0">
  <ParamType>DEMO_PARAM</ParamType>
  <Unk06>0</Unk06>
  <BigEndian>False</BigEndian>
  <Unicode>True</Unicode>
  <Version>201</Version>
  <Fields>
    <Field Def="u16 Unk00" />
    <Field Def="u16 Unk01" />
    <Field Def="u16 Unk02" />
    <Field Def="u16 Unk03" />
    <Field Def="f32 Unk04" />
    <Field Def="s32 Unk05" />
    <Field Def="f32 Unk06" />
    <Field Def="f32 Unk07" />
    <Field Def="f32 Unk08" />
    <Field Def="f32 Unk09" />
    <Field Def="s32 Unk10" />
    <Field Def="f32 Unk11" />
    <Field Def="f32 Unk12" />
  </Fields>
</PARAMDEF>
