<?xml version="1.0" encoding="utf-8"?>
<PARAMDEF XmlVersion="0">
  <ParamType>ITEM_PARAM</ParamType>
  <Unk06>0</Unk06>
  <BigEndian>False</BigEndian>
  <Unicode>True</Unicode>
  <Version>201</Version>
  <Fields>
    <Field Def="s32 icon_id" />
    <Field Def="s32 speffect_id" />
    <Field Def="s32 Unk00" />
    <Field Def="s32 Unk01" />
    <Field Def="s32 Unk02" />
    <Field Def="s32 weapon_id" />
    <Field Def="s32 armor_id" />
    <Field Def="s32 ammo_id" />
    <Field Def="s32 ring_id" />
    <Field Def="s32 spell_id" />
    <Field Def="s32 gesture_id" />
    <Field Def="s32 sort_id" />
    <Field Def="s32 base_price" />
    <Field Def="s32 sell_price" />
    <Field Def="f32 animation_speed" />
    <Field Def="s32 Unk03" />
    <Field Def="s32 item_type_id" />
    <Field Def="s32 item_usage_id" />
    <Field Def="u8 Unk04" />
    <Field Def="u8 Unk05" />
    <Field Def="u16 max_held_count" />
    <Field Def="u8 speffect_type" />
    <Field Def="u8 item_type_1" />
    <Field Def="u8 Unk06" />
    <Field Def="u8 item_type_2" />
    <Field Def="u8 buff_flags" />
    <Field Def="u8 item_type_3" />
    <Field Def="u8 ng_behavior_type" />
    <Field Def="u8 Unk07" />
  </Fields>
</PARAMDEF>
