<?xml version="1.0" encoding="utf-8"?>
<PARAMDEF XmlVersion="0">
  <ParamType>SHOP_LINEUP_PARAM</ParamType>
  <Unk06>0</Unk06>
  <BigEndian>False</BigEndian>
  <Unicode>True</Unicode>
  <Version>201</Version>
  <Fields>
    <Field Def="s32 equip_id" />
    <Field Def="s32 Unk00" />
    <Field Def="s32 enable_flag" />
    <Field Def="s32 disable_flag" />
    <Field Def="s32 material_id" />
    <Field Def="s32 duplicate_item_id" />
    <Field Def="s32 Unk01" />
    <Field Def="f32 price_rate" />
    <Field Def="s32 quantity" />
  </Fields>
</PARAMDEF>
