<?xml version="1.0" encoding="utf-8"?>
<PARAMDEF XmlVersion="0">
  <ParamType>WEAPON_STATS_AFFECT_PARAM</ParamType>
  <Unk06>0</Unk06>
  <BigEndian>False</BigEndian>
  <Unicode>True</Unicode>
  <Version>201</Version>
  <Fields>
    <Field Def="f32 base_damage_mult" />
    <Field Def="f32 Unk00" />
    <Field Def="f32 level_0_physical_scaling_str" />
    <Field Def="f32 level_0_physical_scaling_dex" />
    <Field Def="f32 level_0_magic_scaling" />
    <Field Def="f32 level_0_lightning_scaling" />
    <Field Def="f32 level_0_fire_scaling" />
    <Field Def="f32 level_0_dark_scaling" />
    <Field Def="f32 level_0_poison_scaling" />
    <Field Def="f32 level_0_bleed_scaling" />
    <Field Def="f32 level_0_unk" />
    <Field Def="f32 level_1_physical_scaling_str" />
    <Field Def="f32 level_1_physical_scaling_dex" />
    <Field Def="f32 level_1_magic_scaling" />
    <Field Def="f32 level_1_lightning_scaling" />
    <Field Def="f32 level_1_fire_scaling" />
    <Field Def="f32 level_1_dark_scaling" />
    <Field Def="f32 level_1_poison_scaling" />
    <Field Def="f32 level_1_bleed_scaling" />
    <Field Def="f32 level_1_unk" />
    <Field Def="f32 level_2_physical_scaling_str" />
    <Field Def="f32 level_2_physical_scaling_dex" />
    <Field Def="f32 level_2_magic_scaling" />
    <Field Def="f32 level_2_lightning_scaling" />
    <Field Def="f32 level_2_fire_scaling" />
    <Field Def="f32 level_2_dark_scaling" />
    <Field Def="f32 level_2_poison_scaling" />
    <Field Def="f32 level_2_bleed_scaling" />
    <Field Def="f32 level_2_unk" />
    <Field Def="f32 level_3_physical_scaling_str" />
    <Field Def="f32 level_3_physical_scaling_dex" />
    <Field Def="f32 level_3_magic_scaling" />
    <Field Def="f32 level_3_lightning_scaling" />
    <Field Def="f32 level_3_fire_scaling" />
    <Field Def="f32 level_3_dark_scaling" />
    <Field Def="f32 level_3_poison_scaling" />
    <Field Def="f32 level_3_bleed_scaling" />
    <Field Def="f32 level_3_unk" />
    <Field Def="f32 level_4_physical_scaling_str" />
    <Field Def="f32 level_4_physical_scaling_dex" />
    <Field Def="f32 level_4_magic_scaling" />
    <Field Def="f32 level_4_lightning_scaling" />
    <Field Def="f32 level_4_fire_scaling" />
    <Field Def="f32 level_4_dark_scaling" />
    <Field Def="f32 level_4_poison_scaling" />
    <Field Def="f32 level_4_bleed_scaling" />
    <Field Def="f32 level_4_unk" />
    <Field Def="f32 level_5_physical_scaling_str" />
    <Field Def="f32 level_5_physical_scaling_dex" />
    <Field Def="f32 level_5_magic_scaling" />
    <Field Def="f32 level_5_lightning_scaling" />
    <Field Def="f32 level_5_fire_scaling" />
    <Field Def="f32 level_5_dark_scaling" />
    <Field Def="f32 level_5_poison_scaling" />
    <Field Def="f32 level_5_bleed_scaling" />
    <Field Def="f32 level_5_unk" />
    <Field Def="f32 level_6_physical_scaling_str" />
    <Field Def="f32 level_6_physical_scaling_dex" />
    <Field Def="f32 level_6_magic_scaling" />
    <Field Def="f32 level_6_lightning_scaling" />
    <Field Def="f32 level_6_fire_scaling" />
    <Field Def="f32 level_6_dark_scaling" />
    <Field Def="f32 level_6_poison_scaling" />
    <Field Def="f32 level_6_bleed_scaling" />
    <Field Def="f32 level_6_unk" />
    <Field Def="f32 level_7_physical_scaling_str" />
    <Field Def="f32 level_7_physical_scaling_dex" />
    <Field Def="f32 level_7_magic_scaling" />
    <Field Def="f32 level_7_lightning_scaling" />
    <Field Def="f32 level_7_fire_scaling" />
    <Field Def="f32 level_7_dark_scaling" />
    <Field Def="f32 level_7_poison_scaling" />
    <Field Def="f32 level_7_bleed_scaling" />
    <Field Def="f32 level_7_unk" />
    <Field Def="f32 level_8_physical_scaling_str" />
    <Field Def="f32 level_8_physical_scaling_dex" />
    <Field Def="f32 level_8_magic_scaling" />
    <Field Def="f32 level_8_lightning_scaling" />
    <Field Def="f32 level_8_fire_scaling" />
    <Field Def="f32 level_8_dark_scaling" />
    <Field Def="f32 level_8_poison_scaling" />
    <Field Def="f32 level_8_bleed_scaling" />
    <Field Def="f32 level_8_unk" />
    <Field Def="f32 level_9_physical_scaling_str" />
    <Field Def="f32 level_9_physical_scaling_dex" />
    <Field Def="f32 level_9_magic_scaling" />
    <Field Def="f32 level_9_lightning_scaling" />
    <Field Def="f32 level_9_fire_scaling" />
    <Field Def="f32 level_9_dark_scaling" />
    <Field Def="f32 level_9_poison_scaling" />
    <Field Def="f32 level_9_bleed_scaling" />
    <Field Def="f32 level_9_unk" />
    <Field Def="f32 level_10_physical_scaling_str" />
    <Field Def="f32 level_10_physical_scaling_dex" />
    <Field Def="f32 level_10_magic_scaling" />
    <Field Def="f32 level_10_lightning_scaling" />
    <Field Def="f32 level_10_fire_scaling" />
    <Field Def="f32 level_10_dark_scaling" />
    <Field Def="f32 level_10_poison_scaling" />
    <Field Def="f32 level_10_bleed_scaling" />
    <Field Def="f32 level_10_unk" />
  </Fields>
</PARAMDEF>
