﻿<?xml version="1.0" encoding="utf-8"?>
<PARAMMETA XmlVersion="0">
  <Self Row0Dummy="" />
  <Field>
    <group_1_enemy_damage_id_0 AltName="[1] Enemy Damage ID 0" Refs="EnemyDamageParam,PlayerDamageParam,SystemDamageParam"/>
    <group_1_enemy_damage_id_1 AltName="[1] Enemy Damage ID 1" Refs="EnemyDamageParam,PlayerDamageParam,SystemDamageParam"/>
    <group_1_enemy_damage_id_2 AltName="[1] Enemy Damage ID 2" Refs="EnemyDamageParam,PlayerDamageParam,SystemDamageParam"/>
    <group_1_enemy_damage_id_3 AltName="[1] Enemy Damage ID 3" Refs="EnemyDamageParam,PlayerDamageParam,SystemDamageParam"/>
    <group_1_enemy_damage_id_4 AltName="[1] Enemy Damage ID 4" Refs="EnemyDamageParam,PlayerDamageParam,SystemDamageParam"/>
    <group_1_enemy_damage_id_5 AltName="[1] Enemy Damage ID 5" Refs="EnemyDamageParam,PlayerDamageParam,SystemDamageParam"/>
    <group_1_unk00 AltName="[1] Unk00"/>
    <group_1_unk01 AltName="[1] Unk01"/>
    <group_1_unk02 AltName="[1] Unk02"/>
    <group_1_unk03 AltName="[1] Unk03"/>
    <group_1_unk04 AltName="[1] Unk04"/>
    <group_1_enemy_damage_id_ AltName="[1] Enemy Damage ID" Refs="EnemyDamageParam,PlayerDamageParam,SystemDamageParam"/>
    <group_1_unk05 AltName="[1] Unk05"/>
    <group_1_unk06 AltName="[1] Unk06"/>
    <group_1_unk07 AltName="[1] Unk07"/>
    <group_1_unk08 AltName="[1] Unk08"/>
    <group_1_attack_speed AltName="[1] Attack Speed" Wiki="Affects both the windup and start portions of the animation"/>
    <group_1_recovery_speed AltName="[1] Recovery Speed" Wiki="Affects both the recovery and end portions of the animation"/>
    <group_1_unk09 AltName="[1] Unk09"/>
    <group_1_unk10 AltName="[1] Unk10"/>
    <group_1_unk11 AltName="[1] Unk11"/>
    <group_1_unk12 AltName="[1] Unk12"/>
    <group_1_unk13 AltName="[1] Unk13"/>
    <group_1_atk_cooldown_min AltName="[1] atk_cooldown_min" Wiki="Some attacks require an NPC to wait before repeating them. Time to wait will be a random value between min and max"/>
    <group_1_atk_cooldown_max AltName="[1] atk_cooldown_max" Wiki="Some attacks require an NPC to wait before repeating them. Time to wait will be a random value between min and max"/>
    <group_2_enemy_damage_id_0 AltName="[2] Enemy Damage ID 0" Refs="EnemyDamageParam,PlayerDamageParam,SystemDamageParam"/>
    <group_2_enemy_damage_id_1 AltName="[2] Enemy Damage ID 1" Refs="EnemyDamageParam,PlayerDamageParam,SystemDamageParam"/>
    <group_2_enemy_damage_id_2 AltName="[2] Enemy Damage ID 2" Refs="EnemyDamageParam,PlayerDamageParam,SystemDamageParam"/>
    <group_2_enemy_damage_id_3 AltName="[2] Enemy Damage ID 3" Refs="EnemyDamageParam,PlayerDamageParam,SystemDamageParam"/>
    <group_2_enemy_damage_id_4 AltName="[2] Enemy Damage ID 4" Refs="EnemyDamageParam,PlayerDamageParam,SystemDamageParam"/>
    <group_2_enemy_damage_id_5 AltName="[2] Enemy Damage ID 5" Refs="EnemyDamageParam,PlayerDamageParam,SystemDamageParam"/>
    <group_2_unk00 AltName="[2] Unk00"/>
    <group_2_unk01 AltName="[2] Unk01"/>
    <group_2_unk02 AltName="[2] Unk02"/>
    <group_2_unk03 AltName="[2] Unk03"/>
    <group_2_unk04 AltName="[2] Unk04"/>
    <group_2_enemy_damage_id_ AltName="[2] Enemy Damage ID" Refs="EnemyDamageParam,PlayerDamageParam,SystemDamageParam"/>
    <group_2_unk05 AltName="[2] Unk05"/>
    <group_2_unk06 AltName="[2] Unk06"/>
    <group_2_unk07 AltName="[2] Unk07"/>
    <group_2_unk08 AltName="[2] Unk08"/>
    <group_2_attack_speed AltName="[2] Attack Speed" Wiki="Affects both the windup and start portions of the animation"/>
    <group_2_recovery_speed AltName="[2] Recovery Speed" Wiki="Affects both the recovery and end portions of the animation"/>
    <group_2_unk09 AltName="[2] Unk09"/>
    <group_2_unk10 AltName="[2] Unk10"/>
    <group_2_unk11 AltName="[2] Unk11"/>
    <group_2_unk12 AltName="[2] Unk12"/>
    <group_2_unk13 AltName="[2] Unk13"/>
    <group_2_atk_cooldown_min AltName="[2] atk_cooldown_min" Wiki="Some attacks require an NPC to wait before repeating them. Time to wait will be a random value between min and max"/>
    <group_2_atk_cooldown_max AltName="[2] atk_cooldown_max" Wiki="Some attacks require an NPC to wait before repeating them. Time to wait will be a random value between min and max"/>
    <group_3_enemy_damage_id_0 AltName="[3] Enemy Damage ID 0" Refs="EnemyDamageParam,PlayerDamageParam,SystemDamageParam"/>
    <group_3_enemy_damage_id_1 AltName="[3] Enemy Damage ID 1" Refs="EnemyDamageParam,PlayerDamageParam,SystemDamageParam"/>
    <group_3_enemy_damage_id_2 AltName="[3] Enemy Damage ID 2" Refs="EnemyDamageParam,PlayerDamageParam,SystemDamageParam"/>
    <group_3_enemy_damage_id_3 AltName="[3] Enemy Damage ID 3" Refs="EnemyDamageParam,PlayerDamageParam,SystemDamageParam"/>
    <group_3_enemy_damage_id_4 AltName="[3] Enemy Damage ID 4" Refs="EnemyDamageParam,PlayerDamageParam,SystemDamageParam"/>
    <group_3_enemy_damage_id_5 AltName="[3] Enemy Damage ID 5" Refs="EnemyDamageParam,PlayerDamageParam,SystemDamageParam"/>
    <group_3_unk00 AltName="[3] Unk00"/>
    <group_3_unk01 AltName="[3] Unk01"/>
    <group_3_unk02 AltName="[3] Unk02"/>
    <group_3_unk03 AltName="[3] Unk03"/>
    <group_3_unk04 AltName="[3] Unk04"/>
    <group_3_enemy_damage_id_ AltName="[3] Enemy Damage ID" Refs="EnemyDamageParam,PlayerDamageParam,SystemDamageParam"/>
    <group_3_unk05 AltName="[3] Unk05"/>
    <group_3_unk06 AltName="[3] Unk06"/>
    <group_3_unk07 AltName="[3] Unk07"/>
    <group_3_unk08 AltName="[3] Unk08"/>
    <group_3_attack_speed AltName="[3] Attack Speed" Wiki="Affects both the windup and start portions of the animation"/>
    <group_3_recovery_speed AltName="[3] Recovery Speed" Wiki="Affects both the recovery and end portions of the animation"/>
    <group_3_unk09 AltName="[3] Unk09"/>
    <group_3_unk10 AltName="[3] Unk10"/>
    <group_3_unk11 AltName="[3] Unk11"/>
    <group_3_unk12 AltName="[3] Unk12"/>
    <group_3_unk13 AltName="[3] Unk13"/>
    <group_3_atk_cooldown_min AltName="[3] atk_cooldown_min" Wiki="Some attacks require an NPC to wait before repeating them. Time to wait will be a random value between min and max"/>
    <group_3_atk_cooldown_max AltName="[3] atk_cooldown_max" Wiki="Some attacks require an NPC to wait before repeating them. Time to wait will be a random value between min and max"/>
    <group_4_enemy_damage_id_0 AltName="[4] Enemy Damage ID 0" Refs="EnemyDamageParam,PlayerDamageParam,SystemDamageParam"/>
    <group_4_enemy_damage_id_1 AltName="[4] Enemy Damage ID 1" Refs="EnemyDamageParam,PlayerDamageParam,SystemDamageParam"/>
    <group_4_enemy_damage_id_2 AltName="[4] Enemy Damage ID 2" Refs="EnemyDamageParam,PlayerDamageParam,SystemDamageParam"/>
    <group_4_enemy_damage_id_3 AltName="[4] Enemy Damage ID 3" Refs="EnemyDamageParam,PlayerDamageParam,SystemDamageParam"/>
    <group_4_enemy_damage_id_4 AltName="[4] Enemy Damage ID 4" Refs="EnemyDamageParam,PlayerDamageParam,SystemDamageParam"/>
    <group_4_enemy_damage_id_5 AltName="[4] Enemy Damage ID 5" Refs="EnemyDamageParam,PlayerDamageParam,SystemDamageParam"/>
    <group_4_unk00 AltName="[4] Unk00"/>
    <group_4_unk01 AltName="[4] Unk01"/>
    <group_4_unk02 AltName="[4] Unk02"/>
    <group_4_unk03 AltName="[4] Unk03"/>
    <group_4_unk04 AltName="[4] Unk04"/>
    <group_4_enemy_damage_id_ AltName="[4] Enemy Damage ID" Refs="EnemyDamageParam,PlayerDamageParam,SystemDamageParam"/>
    <group_4_unk05 AltName="[4] Unk05"/>
    <group_4_unk06 AltName="[4] Unk06"/>
    <group_4_unk07 AltName="[4] Unk07"/>
    <group_4_unk08 AltName="[4] Unk08"/>
    <group_4_attack_speed AltName="[4] Attack Speed" Wiki="Affects both the windup and start portions of the animation"/>
    <group_4_recovery_speed AltName="[4] Recovery Speed" Wiki="Affects both the recovery and end portions of the animation"/>
    <group_4_unk09 AltName="[4] Unk09"/>
    <group_4_unk10 AltName="[4] Unk10"/>
    <group_4_unk11 AltName="[4] Unk11"/>
    <group_4_unk12 AltName="[4] Unk12"/>
    <group_4_unk13 AltName="[4] Unk13"/>
    <group_4_atk_cooldown_min AltName="[4] atk_cooldown_min" Wiki="Some attacks require an NPC to wait before repeating them. Time to wait will be a random value between min and max"/>
    <group_4_atk_cooldown_max AltName="[4] atk_cooldown_max" Wiki="Some attacks require an NPC to wait before repeating them. Time to wait will be a random value between min and max"/>
    <group_5_enemy_damage_id_0 AltName="[5] Enemy Damage ID 0" Refs="EnemyDamageParam,PlayerDamageParam,SystemDamageParam"/>
    <group_5_enemy_damage_id_1 AltName="[5] Enemy Damage ID 1" Refs="EnemyDamageParam,PlayerDamageParam,SystemDamageParam"/>
    <group_5_enemy_damage_id_2 AltName="[5] Enemy Damage ID 2" Refs="EnemyDamageParam,PlayerDamageParam,SystemDamageParam"/>
    <group_5_enemy_damage_id_3 AltName="[5] Enemy Damage ID 3" Refs="EnemyDamageParam,PlayerDamageParam,SystemDamageParam"/>
    <group_5_enemy_damage_id_4 AltName="[5] Enemy Damage ID 4" Refs="EnemyDamageParam,PlayerDamageParam,SystemDamageParam"/>
    <group_5_enemy_damage_id_5 AltName="[5] Enemy Damage ID 5" Refs="EnemyDamageParam,PlayerDamageParam,SystemDamageParam"/>
    <group_5_unk00 AltName="[5] Unk00"/>
    <group_5_unk01 AltName="[5] Unk01"/>
    <group_5_unk02 AltName="[5] Unk02"/>
    <group_5_unk03 AltName="[5] Unk03"/>
    <group_5_unk04 AltName="[5] Unk04"/>
    <group_5_enemy_damage_id_ AltName="[5] Enemy Damage ID" Refs="EnemyDamageParam,PlayerDamageParam,SystemDamageParam"/>
    <group_5_unk05 AltName="[5] Unk05"/>
    <group_5_unk06 AltName="[5] Unk06"/>
    <group_5_unk07 AltName="[5] Unk07"/>
    <group_5_unk08 AltName="[5] Unk08"/>
    <group_5_attack_speed AltName="[5] Attack Speed" Wiki="Affects both the windup and start portions of the animation"/>
    <group_5_recovery_speed AltName="[5] Recovery Speed" Wiki="Affects both the recovery and end portions of the animation"/>
    <group_5_unk09 AltName="[5] Unk09"/>
    <group_5_unk10 AltName="[5] Unk10"/>
    <group_5_unk11 AltName="[5] Unk11"/>
    <group_5_unk12 AltName="[5] Unk12"/>
    <group_5_unk13 AltName="[5] Unk13"/>
    <group_5_atk_cooldown_min AltName="[5] atk_cooldown_min" Wiki="Some attacks require an NPC to wait before repeating them. Time to wait will be a random value between min and max"/>
    <group_5_atk_cooldown_max AltName="[5] atk_cooldown_max" Wiki="Some attacks require an NPC to wait before repeating them. Time to wait will be a random value between min and max"/>
    <group_6_enemy_damage_id_0 AltName="[6] Enemy Damage ID 0" Refs="EnemyDamageParam,PlayerDamageParam,SystemDamageParam"/>
    <group_6_enemy_damage_id_1 AltName="[6] Enemy Damage ID 1" Refs="EnemyDamageParam,PlayerDamageParam,SystemDamageParam"/>
    <group_6_enemy_damage_id_2 AltName="[6] Enemy Damage ID 2" Refs="EnemyDamageParam,PlayerDamageParam,SystemDamageParam"/>
    <group_6_enemy_damage_id_3 AltName="[6] Enemy Damage ID 3" Refs="EnemyDamageParam,PlayerDamageParam,SystemDamageParam"/>
    <group_6_enemy_damage_id_4 AltName="[6] Enemy Damage ID 4" Refs="EnemyDamageParam,PlayerDamageParam,SystemDamageParam"/>
    <group_6_enemy_damage_id_5 AltName="[6] Enemy Damage ID 5" Refs="EnemyDamageParam,PlayerDamageParam,SystemDamageParam"/>
    <group_6_unk00 AltName="[6] Unk00"/>
    <group_6_unk01 AltName="[6] Unk01"/>
    <group_6_unk02 AltName="[6] Unk02"/>
    <group_6_unk03 AltName="[6] Unk03"/>
    <group_6_unk04 AltName="[6] Unk04"/>
    <group_6_enemy_damage_id_ AltName="[6] Enemy Damage ID" Refs="EnemyDamageParam,PlayerDamageParam,SystemDamageParam"/>
    <group_6_unk05 AltName="[6] Unk05"/>
    <group_6_unk06 AltName="[6] Unk06"/>
    <group_6_unk07 AltName="[6] Unk07"/>
    <group_6_unk08 AltName="[6] Unk08"/>
    <group_6_attack_speed AltName="[6] Attack Speed" Wiki="Affects both the windup and start portions of the animation"/>
    <group_6_recovery_speed AltName="[6] Recovery Speed" Wiki="Affects both the recovery and end portions of the animation"/>
    <group_6_unk09 AltName="[6] Unk09"/>
    <group_6_unk10 AltName="[6] Unk10"/>
    <group_6_unk11 AltName="[6] Unk11"/>
    <group_6_unk12 AltName="[6] Unk12"/>
    <group_6_unk13 AltName="[6] Unk13"/>
    <group_6_atk_cooldown_min AltName="[6] atk_cooldown_min" Wiki="Some attacks require an NPC to wait before repeating them. Time to wait will be a random value between min and max"/>
    <group_6_atk_cooldown_max AltName="[6] atk_cooldown_max" Wiki="Some attacks require an NPC to wait before repeating them. Time to wait will be a random value between min and max"/>
    <group_7_enemy_damage_id_0 AltName="[7] Enemy Damage ID 0" Refs="EnemyDamageParam,PlayerDamageParam,SystemDamageParam"/>
    <group_7_enemy_damage_id_1 AltName="[7] Enemy Damage ID 1" Refs="EnemyDamageParam,PlayerDamageParam,SystemDamageParam"/>
    <group_7_enemy_damage_id_2 AltName="[7] Enemy Damage ID 2" Refs="EnemyDamageParam,PlayerDamageParam,SystemDamageParam"/>
    <group_7_enemy_damage_id_3 AltName="[7] Enemy Damage ID 3" Refs="EnemyDamageParam,PlayerDamageParam,SystemDamageParam"/>
    <group_7_enemy_damage_id_4 AltName="[7] Enemy Damage ID 4" Refs="EnemyDamageParam,PlayerDamageParam,SystemDamageParam"/>
    <group_7_enemy_damage_id_5 AltName="[7] Enemy Damage ID 5" Refs="EnemyDamageParam,PlayerDamageParam,SystemDamageParam"/>
    <group_7_unk00 AltName="[7] Unk00"/>
    <group_7_unk01 AltName="[7] Unk01"/>
    <group_7_unk02 AltName="[7] Unk02"/>
    <group_7_unk03 AltName="[7] Unk03"/>
    <group_7_unk04 AltName="[7] Unk04"/>
    <group_7_enemy_damage_id_ AltName="[7] Enemy Damage ID" Refs="EnemyDamageParam,PlayerDamageParam,SystemDamageParam"/>
    <group_7_unk05 AltName="[7] Unk05"/>
    <group_7_unk06 AltName="[7] Unk06"/>
    <group_7_unk07 AltName="[7] Unk07"/>
    <group_7_unk08 AltName="[7] Unk08"/>
    <group_7_attack_speed AltName="[7] Attack Speed" Wiki="Affects both the windup and start portions of the animation"/>
    <group_7_recovery_speed AltName="[7] Recovery Speed" Wiki="Affects both the recovery and end portions of the animation"/>
    <group_7_unk09 AltName="[7] Unk09"/>
    <group_7_unk10 AltName="[7] Unk10"/>
    <group_7_unk11 AltName="[7] Unk11"/>
    <group_7_unk12 AltName="[7] Unk12"/>
    <group_7_unk13 AltName="[7] Unk13"/>
    <group_7_atk_cooldown_min AltName="[7] atk_cooldown_min" Wiki="Some attacks require an NPC to wait before repeating them. Time to wait will be a random value between min and max"/>
    <group_7_atk_cooldown_max AltName="[7] atk_cooldown_max" Wiki="Some attacks require an NPC to wait before repeating them. Time to wait will be a random value between min and max"/>
    <group_8_enemy_damage_id_0 AltName="[8] Enemy Damage ID 0" Refs="EnemyDamageParam,PlayerDamageParam,SystemDamageParam"/>
    <group_8_enemy_damage_id_1 AltName="[8] Enemy Damage ID 1" Refs="EnemyDamageParam,PlayerDamageParam,SystemDamageParam"/>
    <group_8_enemy_damage_id_2 AltName="[8] Enemy Damage ID 2" Refs="EnemyDamageParam,PlayerDamageParam,SystemDamageParam"/>
    <group_8_enemy_damage_id_3 AltName="[8] Enemy Damage ID 3" Refs="EnemyDamageParam,PlayerDamageParam,SystemDamageParam"/>
    <group_8_enemy_damage_id_4 AltName="[8] Enemy Damage ID 4" Refs="EnemyDamageParam,PlayerDamageParam,SystemDamageParam"/>
    <group_8_enemy_damage_id_5 AltName="[8] Enemy Damage ID 5" Refs="EnemyDamageParam,PlayerDamageParam,SystemDamageParam"/>
    <group_8_unk00 AltName="[8] Unk00"/>
    <group_8_unk01 AltName="[8] Unk01"/>
    <group_8_unk02 AltName="[8] Unk02"/>
    <group_8_unk03 AltName="[8] Unk03"/>
    <group_8_unk04 AltName="[8] Unk04"/>
    <group_8_enemy_damage_id_ AltName="[8] Enemy Damage ID" Refs="EnemyDamageParam,PlayerDamageParam,SystemDamageParam"/>
    <group_8_unk05 AltName="[8] Unk05"/>
    <group_8_unk06 AltName="[8] Unk06"/>
    <group_8_unk07 AltName="[8] Unk07"/>
    <group_8_unk08 AltName="[8] Unk08"/>
    <group_8_attack_speed AltName="[8] Attack Speed" Wiki="Affects both the windup and start portions of the animation"/>
    <group_8_recovery_speed AltName="[8] Recovery Speed" Wiki="Affects both the recovery and end portions of the animation"/>
    <group_8_unk09 AltName="[8] Unk09"/>
    <group_8_unk10 AltName="[8] Unk10"/>
    <group_8_unk11 AltName="[8] Unk11"/>
    <group_8_unk12 AltName="[8] Unk12"/>
    <group_8_unk13 AltName="[8] Unk13"/>
    <group_8_atk_cooldown_min AltName="[8] atk_cooldown_min" Wiki="Some attacks require an NPC to wait before repeating them. Time to wait will be a random value between min and max"/>
    <group_8_atk_cooldown_max AltName="[8] atk_cooldown_max" Wiki="Some attacks require an NPC to wait before repeating them. Time to wait will be a random value between min and max"/>
    <group_9_enemy_damage_id_0 AltName="[9] Enemy Damage ID 0" Refs="EnemyDamageParam,PlayerDamageParam,SystemDamageParam"/>
    <group_9_enemy_damage_id_1 AltName="[9] Enemy Damage ID 1" Refs="EnemyDamageParam,PlayerDamageParam,SystemDamageParam"/>
    <group_9_enemy_damage_id_2 AltName="[9] Enemy Damage ID 2" Refs="EnemyDamageParam,PlayerDamageParam,SystemDamageParam"/>
    <group_9_enemy_damage_id_3 AltName="[9] Enemy Damage ID 3" Refs="EnemyDamageParam,PlayerDamageParam,SystemDamageParam"/>
    <group_9_enemy_damage_id_4 AltName="[9] Enemy Damage ID 4" Refs="EnemyDamageParam,PlayerDamageParam,SystemDamageParam"/>
    <group_9_enemy_damage_id_5 AltName="[9] Enemy Damage ID 5" Refs="EnemyDamageParam,PlayerDamageParam,SystemDamageParam"/>
    <group_9_unk00 AltName="[9] Unk00"/>
    <group_9_unk01 AltName="[9] Unk01"/>
    <group_9_unk02 AltName="[9] Unk02"/>
    <group_9_unk03 AltName="[9] Unk03"/>
    <group_9_unk04 AltName="[9] Unk04"/>
    <group_9_enemy_damage_id_ AltName="[9] Enemy Damage ID" Refs="EnemyDamageParam,PlayerDamageParam,SystemDamageParam"/>
    <group_9_unk05 AltName="[9] Unk05"/>
    <group_9_unk06 AltName="[9] Unk06"/>
    <group_9_unk07 AltName="[9] Unk07"/>
    <group_9_unk08 AltName="[9] Unk08"/>
    <group_9_attack_speed AltName="[9] Attack Speed" Wiki="Affects both the windup and start portions of the animation"/>
    <group_9_recovery_speed AltName="[9] Recovery Speed" Wiki="Affects both the recovery and end portions of the animation"/>
    <group_9_unk09 AltName="[9] Unk09"/>
    <group_9_unk10 AltName="[9] Unk10"/>
    <group_9_unk11 AltName="[9] Unk11"/>
    <group_9_unk12 AltName="[9] Unk12"/>
    <group_9_unk13 AltName="[9] Unk13"/>
    <group_9_atk_cooldown_min AltName="[9] atk_cooldown_min" Wiki="Some attacks require an NPC to wait before repeating them. Time to wait will be a random value between min and max"/>
    <group_9_atk_cooldown_max AltName="[9] atk_cooldown_max" Wiki="Some attacks require an NPC to wait before repeating them. Time to wait will be a random value between min and max"/>
    <group_10_enemy_damage_id_0 AltName="[10] Enemy Damage ID 0" Refs="EnemyDamageParam,PlayerDamageParam,SystemDamageParam"/>
    <group_10_enemy_damage_id_1 AltName="[10] Enemy Damage ID 1" Refs="EnemyDamageParam,PlayerDamageParam,SystemDamageParam"/>
    <group_10_enemy_damage_id_2 AltName="[10] Enemy Damage ID 2" Refs="EnemyDamageParam,PlayerDamageParam,SystemDamageParam"/>
    <group_10_enemy_damage_id_3 AltName="[10] Enemy Damage ID 3" Refs="EnemyDamageParam,PlayerDamageParam,SystemDamageParam"/>
    <group_10_enemy_damage_id_4 AltName="[10] Enemy Damage ID 4" Refs="EnemyDamageParam,PlayerDamageParam,SystemDamageParam"/>
    <group_10_enemy_damage_id_5 AltName="[10] Enemy Damage ID 5" Refs="EnemyDamageParam,PlayerDamageParam,SystemDamageParam"/>
    <group_10_unk00 AltName="[10] Unk00"/>
    <group_10_unk01 AltName="[10] Unk01"/>
    <group_10_unk02 AltName="[10] Unk02"/>
    <group_10_unk03 AltName="[10] Unk03"/>
    <group_10_unk04 AltName="[10] Unk04"/>
    <group_10_enemy_damage_id_ AltName="[10] Enemy Damage ID" Refs="EnemyDamageParam,PlayerDamageParam,SystemDamageParam"/>
    <group_10_unk05 AltName="[10] Unk05"/>
    <group_10_unk06 AltName="[10] Unk06"/>
    <group_10_unk07 AltName="[10] Unk07"/>
    <group_10_unk08 AltName="[10] Unk08"/>
    <group_10_attack_speed AltName="[10] Attack Speed" Wiki="Affects both the windup and start portions of the animation"/>
    <group_10_recovery_speed AltName="[10] Recovery Speed" Wiki="Affects both the recovery and end portions of the animation"/>
    <group_10_unk09 AltName="[10] Unk09"/>
    <group_10_unk10 AltName="[10] Unk10"/>
    <group_10_unk11 AltName="[10] Unk11"/>
    <group_10_unk12 AltName="[10] Unk12"/>
    <group_10_unk13 AltName="[10] Unk13"/>
    <group_10_atk_cooldown_min AltName="[10] atk_cooldown_min" Wiki="Some attacks require an NPC to wait before repeating them. Time to wait will be a random value between min and max"/>
    <group_10_atk_cooldown_max AltName="[10] atk_cooldown_max" Wiki="Some attacks require an NPC to wait before repeating them. Time to wait will be a random value between min and max"/>
  </Field>
</PARAMMETA>