﻿<?xml version="1.0" encoding="utf-8"?>
<PARAMMETA XmlVersion="0">
  <Field>
    <camera_horizontal_fov AltName="Camera Horizontal FOV"/>
    <camera_width_offset AltName="Camera Width Offset"/>
    <camera_vertical_distance AltName="Camera Vertical Distance"/>
    <camera_length_offset AltName="Camera Length Offset"/>
    <camera_horizontal_distance AltName="Camera Horizontal Distance"/>
    <no_input_rotation_speed AltName="No Input: Rotation Speed"/>
    <follow_speed_factor AltName="Follow Speed Factor"/>
    <vertical_change_rate AltName="Vertical Change Rate"/>
    <vertical_pan_slowdown_start_time AltName="Vertical Pan: Slowdown Start Time"/>
    <vertical_pan_slowdown_end_time AltName="Vertical Pan: Slowdown End Time"/>
    <horizontal_pan_slowdown_start_time AltName="Horizontal Pan: Slowdown Start Time"/>
    <horizontal_pan_slowdown_end_time AltName="Horizontal Pan: Slowdown End Time"/>
  </Field>
</PARAMMETA>