﻿<?xml version="1.0" encoding="utf-8"?>
<PARAMMETA XmlVersion="0">
  <Self Row0Dummy="" />
  <Field>
    <ng0_damage_mult AltName="NG+0 - Damage %"/>
    <ng0_stamina_damage_mult AltName="NG+0 - Stamina Damage %"/>
    <ng0_posture_damage_mult AltName="NG+0 - Posture Damage %"/>
    <ng1_damage_mult AltName="NG+1 - Damage %"/>
    <ng1_stamina_damage_mult AltName="NG+1 - Stamina Damage %"/>
    <ng1_posture_damage_mult AltName="NG+1 - Posture Damage %"/>
    <ng2_damage_mult AltName="NG+2 - Damage %"/>
    <ng2_stamina_damage_mult AltName="NG+2 - Stamina Damage %"/>
    <ng2_posture_damage_mult AltName="NG+2 - Posture Damage %"/>
    <ng3_damage_mult AltName="NG+3 - Damage %"/>
    <ng3_stamina_damage_mult AltName="NG+3 - Stamina Damage %"/>
    <ng3_posture_damage_mult AltName="NG+3 - Posture Damage %"/>
    <ng4_damage_mult AltName="NG+4 - Damage %"/>
    <ng4_stamina_damage_mult AltName="NG+4 - Stamina Damage %"/>
    <ng4_posture_damage_mult AltName="NG+4 - Posture Damage %"/>
    <ng5_damage_mult AltName="NG+5 - Damage %"/>
    <ng5_stamina_damage_mult AltName="NG+5 - Stamina Damage %"/>
    <ng5_posture_damage_mult AltName="NG+5 - Posture Damage %"/>
    <ng6_damage_mult AltName="NG+6 - Damage %"/>
    <ng6_stamina_damage_mult AltName="NG+6 - Stamina Damage %"/>
    <ng6_posture_damage_mult AltName="NG+6 - Posture Damage %"/>
    <ng7_damage_mult AltName="NG+7 - Damage %"/>
    <ng7_stamina_damage_mult AltName="NG+7 - Stamina Damage %"/>
    <ng7_posture_damage_mult AltName="NG+7 - Posture Damage %"/>
    <ng0_stamina_damage_taken_mult AltName="NG+0 - Incoming Stamina Damage %"/>
    <ng0_posture_damage_taken_mult AltName="NG+0 - Incoming Posture Damage %"/>
    <ng1_stamina_damage_taken_mult AltName="NG+1 - Incoming Stamina Damage %"/>
    <ng1_posture_damage_taken_mult AltName="NG+1 - Incoming Posture Damage %"/>
    <ng2_stamina_damage_taken_mult AltName="NG+2 - Incoming Stamina Damage %"/>
    <ng2_posture_damage_taken_mult AltName="NG+2 - Incoming Posture Damage %"/>
    <ng3_stamina_damage_taken_mult AltName="NG+3 - Incoming Stamina Damage %"/>
    <ng3_posture_damage_taken_mult AltName="NG+3 - Incoming Posture Damage %"/>
    <ng4_stamina_damage_taken_mult AltName="NG+4 - Incoming Stamina Damage %"/>
    <ng4_posture_damage_taken_mult AltName="NG+4 - Incoming Posture Damage %"/>
    <ng5_stamina_damage_taken_mult AltName="NG+5 - Incoming Stamina Damage %"/>
    <ng5_posture_damage_taken_mult AltName="NG+5 - Incoming Posture Damage %"/>
    <ng6_stamina_damage_taken_mult AltName="NG+6 - Incoming Stamina Damage %"/>
    <ng6_posture_damage_taken_mult AltName="NG+6 - Incoming Posture Damage %"/>
    <ng7_stamina_damage_taken_mult AltName="NG+7 - Incoming Stamina Damage %"/>
    <ng7_posture_damage_taken_mult AltName="NG+7 - Incoming Posture Damage %"/>
    
  </Field>
</PARAMMETA>