﻿<?xml version="1.0" encoding="utf-8"?>
<PARAMMETA XmlVersion="0">
  <Self Row0Dummy="" />
  <Enums>
    <Enum Name="HitSfxEnum">
      <Option Value="1" Name="None" />
      <Option Value="2" Name="Sparks" />
      <Option Value="3" Name="Sparks" />
      <Option Value="4" Name="White" />
      <Option Value="5" Name="White (Unused)" />
      <Option Value="7" Name="White" />
      <Option Value="8" Name="Red" />
      <Option Value="5" Name="White" />
      <Option Value="10" Name="Purple (Bugs)" />
      <Option Value="11" Name="Purple (Giants)" />
      <Option Value="12" Name="Skeleton" />
      <Option Value="24" Name="White" />
      <Option Value="33" Name="White (Phantom)" />
      <Option Value="38" Name="Black Smoke" />
      <Option Value="39" Name="None" />
      <Option Value="41" Name="Light Green (Unused)" />
    </Enum>
  </Enums> 
  <Field>
    <chr_id AltName="Chr ID"/>
    <behavior_param_id AltName="Behavior ID" Refs="EnemyBehaviorParam,EnemyBehaviorSecondParam,EnemyBehaviorThirdParam"/>
    <common_param_id AltName="Common ID" Refs="EnemyCommonParam"/>
    <move_param_id AltName="Move ID" Refs="EnemyMoveParam"/>
    <npc_player_status_param_id AltName="NPC Player Status ID" Refs="NpcPlayerStatusParam"/>
    <body_hit_sfx1 AltName="Body Hit SFX 1" Enum="HitSfxEnum" Wiki="First sfx produced when struck. Note that BossPartsParam can also determine hit sfx."/>
    <body_hit_sfx2 AltName="Body Hit SFX 2" Enum="HitSfxEnum" Wiki="Second sfx produced when struck. Note that BossPartsParam can also determine hit sfx."/>
    <chr_phantom_param_id AltName="Chr Phantom ID" Refs="ChrPhantomParam"/>
    <spawn_limit AltName="Spawn Limit"/>
    <stat_hp AltName="HP"/>
    <stat_stamina AltName="Stamina"/>
    <stat_stamina_regen AltName="Stamina Regeneration"/>
    <logic_com_id AltName="Logic Com ID" Refs="LogicComParam"/>
    <dead_type_id AltName="Dead Type ID" Refs="DeadTypeParam"/>
    <equip_weapon_id_0 AltName="[0] Equip Weapon ID" Refs="EnemyEquipWeaponParam"/>
    <equip_weapon_id_1 AltName="[1] Equip Weapon ID" Refs="EnemyEquipWeaponParam"/>
    <equip_weapon_id_2 AltName="[2] Equip Weapon ID" Refs="EnemyEquipWeaponParam"/>
    <equip_weapon_id_3 AltName="[3] Equip Weapon ID" Refs="EnemyEquipWeaponParam"/>
    <equip_weapon_id_4 AltName="[4] Equip Weapon ID" Refs="EnemyEquipWeaponParam"/>
    <equip_weapon_id_5 AltName="[5] Equip Weapon ID" Refs="EnemyEquipWeaponParam"/>
    <chr_round_damage_param_id AltName="NG+ Damage Adjustment ID" Refs="ChrRoundDamageParam"/>
    <shield_hit_sfx AltName="Shield Hit SFX" Enum="HitSfxEnum" Wiki="Sfx produced shield is struck."/>
    <shield_block_level AltName="Shield Block Level"/>
    <shield_stability AltName="Shield Stability"/>
    <shield_absorption_physical AltName="Shield Absorption: Physical"/>
    <shield_absorption_magic AltName="Shield Absorption: Magic"/>
    <shield_absorption_lightning AltName="Shield Absorption: Lightning"/>
    <shield_absorption_fire AltName="Shield Absorption: Fire"/>
    <shield_absorption_dark AltName="Shield Absorption: Dark"/>
    <shield_absorption_poison AltName="Shield Absorption: Poison"/>
    <shield_absorption_bleed AltName="Shield Absorption: Bleed"/>
    <defence_physical AltName="Defence: Physical" Wiki="Follows the typical defence formula."/>
    <defence_magic AltName="Defence: Magic" Wiki="100 is equal to 100 percent of damage blocked."/>
    <defence_lightning AltName="Defence: Lightning" Wiki="100 is equal to 100 percent of damage blocked."/>
    <defence_fire AltName="Defence: Fire" Wiki="100 is equal to 100 percent of damage blocked."/>
    <defence_dark AltName="Defence: Dark" Wiki="100 is equal to 100 percent of damage blocked."/>
    <defence_poison AltName="Defence: Poison" Wiki="100 is equal to 100 percent of damage blocked."/>
    <defence_bleed AltName="Defence: Bleed" Wiki="100 is equal to 100 percent of damage blocked."/>
    <defence_curse AltName="Defence: Curse" Wiki="100 is equal to 100 percent of damage blocked."/>
    <defence_petrify AltName="Defence: Petrify" Wiki="100 is equal to 100 percent of damage blocked."/>
    <souls_held AltName="Souls Held"/>
    <aux_damage_mult AltName="Aux Damage Multiplier"/>
    <final_damage_mult AltName="Final Damage Multiplier"/>
    <stat_posture AltName="Posture"/>
    <stat_posture_regen AltName="Posture Regeneration"/>
    <chr_full_body_sfx_param_id AltName="Full Body SFX ID" Refs="ChrFullyBodySfxParam"/>
    <stat_poise AltName="Poise"/>
    <stat_poise_regen AltName="Poise Regeneration"/>
    <coop_time_reduction AltName="Co-op Time Reduction on Kill"/>
    <is_hollow AltName="Is Hollow" IsBool=""/>
    <chr_round_drop_soul_param_id AltName="NG+ Soul Adjustment ID" Refs="ChrRoundDropSoulParam"/>
    <death_itemlot_id AltName="Itemlot ID" Refs="ItemLotParam2_Chr"/>
    <overkill_death_itemlot_id AltName="Itemlot ID - Overkill" Refs="ItemLotParam2_Chr"/>
    <stat_hp_ng1 AltName="HP - NG+1"/>
    <stat_hp_ng2 AltName="HP - NG+2"/>
    <stat_hp_ng3 AltName="HP - NG+3"/>
    <stat_hp_ng4 AltName="HP - NG+4"/>
    <stat_hp_ng5 AltName="HP - NG+5"/>
    <stat_hp_ng6 AltName="HP - NG+6"/>
    <stat_hp_ng7 AltName="HP - NG+7"/>
    <name_text_id AltName="Name Text ID"/>
    <drops_awestone AltName="Drops Awestone" IsBool=""/>
  </Field>
</PARAMMETA>