﻿<?xml version="1.0" encoding="utf-8"?>
<PARAMMETA XmlVersion="0">
  <Self Row0Dummy="" />
  <Field>
    <phantom_color_1_r AltName="Color 1 - R"/>
    <phantom_color_1_g AltName="Color 1 - G"/>
    <phantom_color_1_b AltName="Color 1 - B"/>
    <phantom_color_1_a AltName="Color 1 - Alpha"/>
    <phantom_color_2_r AltName="Color 2 - R"/>
    <phantom_color_2_g AltName="Color 2 - G"/>
    <phantom_color_2_b AltName="Color 2 - B"/>
    <phantom_color_2_a AltName="Color 2 - Alpha"/>
    <phantom_color_3_r AltName="Color 3 - R"/>
    <phantom_color_3_g AltName="Color 3 - G"/>
    <phantom_color_3_b AltName="Color 3 - B"/>
    <phantom_color_3_a AltName="Color 3 - Alpha"/>
    <phantom_color_4_r AltName="Color 4 - R"/>
    <phantom_color_4_g AltName="Color 4 - G"/>
    <phantom_color_4_b AltName="Color 4 - B"/>
    <phantom_color_4_a AltName="Color 4 - Alpha"/>
    <phantom_color_5_r AltName="Color 5 - R"/>
    <phantom_color_5_g AltName="Color 5 - G"/>
    <phantom_color_5_b AltName="Color 5 - B"/>
    <phantom_color_5_a AltName="Color 5 - Alpha"/>
    <phantom_fade_alpha_start AltName="Fade Alpha - Start"/>
    <phantom_fade_alpha_end AltName="Fade Alpha - End"/>
  </Field>
</PARAMMETA>