﻿<?xml version="1.0" encoding="utf-8"?>
<PARAMMETA XmlVersion="0">
  <Self Row0Dummy="" />
  <Field>
    <group_1_unk00 AltName="[1] Unk00"/>
    <group_1_unk01 AltName="[1] Unk01"/>
    <group_1_unk02 AltName="[1] Unk02"/>
    <group_1_unk03 AltName="[1] Unk03"/>
    <group_1_unk04 AltName="[1] Unk04"/>
    <group_1_enemy_damage_id_0 AltName="[1] Enemy Damage ID 0" Refs="EnemyDamageParam,PlayerDamageParam,SystemDamageParam"/>
    <group_1_enemy_damage_id_1 AltName="[1] Enemy Damage ID 1" Refs="EnemyDamageParam,PlayerDamageParam,SystemDamageParam"/>
    <group_1_enemy_damage_id_2 AltName="[1] Enemy Damage ID 2" Refs="EnemyDamageParam,PlayerDamageParam,SystemDamageParam"/>
    <group_1_enemy_damage_id_3 AltName="[1] Enemy Damage ID 3" Refs="EnemyDamageParam,PlayerDamageParam,SystemDamageParam"/>
    <group_1_enemy_damage_id_4 AltName="[1] Enemy Damage ID 4" Refs="EnemyDamageParam,PlayerDamageParam,SystemDamageParam"/>
    <group_1_unk05 AltName="[1] Unk05"/>
    <group_1_unk06 AltName="[1] Unk06"/>
    <group_1_unk07 AltName="[1] Unk07"/>
    <group_1_unk08 AltName="[1] Unk08"/>
    <group_1_unk09 AltName="[1] Unk09"/>
    <group_1_unk10 AltName="[1] Unk10"/>
    <group_1_unk11 AltName="[1] Unk11"/>
    <group_1_unk12 AltName="[1] Unk12"/>
    <group_1_unk13 AltName="[1] Unk13"/>
    <group_1_unk14 AltName="[1] Unk14"/>
    <group_1_unk15 AltName="[1] Unk15"/>
    <group_1_unk16 AltName="[1] Unk16"/>
    <group_1_unk17 AltName="[1] Unk17"/>
    <group_1_unk18 AltName="[1] Unk18"/>
    <group_1_unk19 AltName="[1] Unk19"/>
    <group_1_unk20 AltName="[1] Unk20"/>
    <group_1_unk21 AltName="[1] Unk21"/>
    <group_1_unk22 AltName="[1] Unk22"/>
    <group_1_unk23 AltName="[1] Unk23"/>
    <group_1_unk24 AltName="[1] Unk24"/>
    <group_1_unk25 AltName="[1] Unk25"/>
    <group_1_unk26 AltName="[1] Unk26"/>
    <group_1_unk27 AltName="[1] Unk27"/>
    <group_1_enemy_damage_id_0_startup_speed AltName="[1] Enemy Damage ID 0 - Startup Speed"/>
    <group_1_enemy_damage_id_0_to_1_speed AltName="[1] Enemy Damage ID 0 to 1 Startup Speed"/>
    <group_1_enemy_damage_id_1_to_2_speed AltName="[1] Enemy Damage ID 1 to 2 Startup Speed"/>
    <group_1_enemy_damage_id_2_to_3_speed AltName="[1] Enemy Damage ID 2 to 3 Startup Speed"/>
    <group_1_enemy_damage_id_1_combo_end_recovery_speed AltName="[1] Enemy Damage ID 1 - Combo End Recovery Speed"/>
    <group_1_enemy_damage_id_2_combo_end_recovery_speed AltName="[1] Enemy Damage ID 2 - Combo End Recovery Speed"/>
    <group_1_enemy_damage_id_3_combo_end_recovery_speed AltName="[1] Enemy Damage ID 3 - Combo End Recovery Speed"/>
    <group_1_enemy_damage_id_4_combo_end_recovery_speed AltName="[1] Enemy Damage ID 4 - Combo End Recovery Speed"/>
    <group_1_unk28 AltName="[1] Unk28"/>
    <group_1_unk29 AltName="[1] Unk29"/>
    <group_1_unk30 AltName="[1] Unk30"/>
    <group_1_unk31 AltName="[1] Unk31"/>
    <group_1_unk32 AltName="[1] Unk32"/>
    <group_1_unk33 AltName="[1] Unk33"/>
    <group_1_unk34 AltName="[1] Unk34"/>
    <group_1_unk35 AltName="[1] Unk35"/>
    <group_1_unk36 AltName="[1] Unk36"/>
    <group_1_unk37 AltName="[1] Unk37"/>
    <group_1_unk38 AltName="[1] Unk38"/>
    <group_1_unk39 AltName="[1] Unk39"/>
    <group_1_unk40 AltName="[1] Unk40"/>
    <group_1_unk41 AltName="[1] Unk41"/>
    <group_1_unk42 AltName="[1] Unk42"/>
    <group_1_unk43 AltName="[1] Unk43"/>
    <group_1_unk44 AltName="[1] Unk44"/>
    <group_1_unk45 AltName="[1] Unk45"/>
    <group_1_unk46 AltName="[1] Unk46"/>
    <group_1_unk47 AltName="[1] Unk47"/>
    <group_1_unk48 AltName="[1] Unk48"/>
    <group_1_unk49 AltName="[1] Unk49"/>
    <group_2_unk00 AltName="[2] Unk00"/>
    <group_2_unk01 AltName="[2] Unk01"/>
    <group_2_unk02 AltName="[2] Unk02"/>
    <group_2_unk03 AltName="[2] Unk03"/>
    <group_2_unk04 AltName="[2] Unk04"/>
    <group_2_enemy_damage_id_0 AltName="[2] Enemy Damage ID 0" Refs="EnemyDamageParam,PlayerDamageParam,SystemDamageParam"/>
    <group_2_enemy_damage_id_1 AltName="[2] Enemy Damage ID 1" Refs="EnemyDamageParam,PlayerDamageParam,SystemDamageParam"/>
    <group_2_enemy_damage_id_2 AltName="[2] Enemy Damage ID 2" Refs="EnemyDamageParam,PlayerDamageParam,SystemDamageParam"/>
    <group_2_enemy_damage_id_3 AltName="[2] Enemy Damage ID 3" Refs="EnemyDamageParam,PlayerDamageParam,SystemDamageParam"/>
    <group_2_enemy_damage_id_4 AltName="[2] Enemy Damage ID 4" Refs="EnemyDamageParam,PlayerDamageParam,SystemDamageParam"/>
    <group_2_unk05 AltName="[2] Unk05"/>
    <group_2_unk06 AltName="[2] Unk06"/>
    <group_2_unk07 AltName="[2] Unk07"/>
    <group_2_unk08 AltName="[2] Unk08"/>
    <group_2_unk09 AltName="[2] Unk09"/>
    <group_2_unk10 AltName="[2] Unk10"/>
    <group_2_unk11 AltName="[2] Unk11"/>
    <group_2_unk12 AltName="[2] Unk12"/>
    <group_2_unk13 AltName="[2] Unk13"/>
    <group_2_unk14 AltName="[2] Unk14"/>
    <group_2_unk15 AltName="[2] Unk15"/>
    <group_2_unk16 AltName="[2] Unk16"/>
    <group_2_unk17 AltName="[2] Unk17"/>
    <group_2_unk18 AltName="[2] Unk18"/>
    <group_2_unk19 AltName="[2] Unk19"/>
    <group_2_unk20 AltName="[2] Unk20"/>
    <group_2_unk21 AltName="[2] Unk21"/>
    <group_2_unk22 AltName="[2] Unk22"/>
    <group_2_unk23 AltName="[2] Unk23"/>
    <group_2_unk24 AltName="[2] Unk24"/>
    <group_2_unk25 AltName="[2] Unk25"/>
    <group_2_unk26 AltName="[2] Unk26"/>
    <group_2_unk27 AltName="[2] Unk27"/>
    <group_2_enemy_damage_id_0_startup_speed AltName="[2] Enemy Damage ID 0 - Startup Speed"/>
    <group_2_enemy_damage_id_0_to_1_speed AltName="[2] Enemy Damage ID 0 to 1 Startup Speed"/>
    <group_2_enemy_damage_id_1_to_2_speed AltName="[2] Enemy Damage ID 1 to 2 Startup Speed"/>
    <group_2_enemy_damage_id_2_to_3_speed AltName="[2] Enemy Damage ID 2 to 3 Startup Speed"/>
    <group_2_enemy_damage_id_1_combo_end_recovery_speed AltName="[2] Enemy Damage ID 1 - Combo End Recovery Speed"/>
    <group_2_enemy_damage_id_2_combo_end_recovery_speed AltName="[2] Enemy Damage ID 2 - Combo End Recovery Speed"/>
    <group_2_enemy_damage_id_3_combo_end_recovery_speed AltName="[2] Enemy Damage ID 3 - Combo End Recovery Speed"/>
    <group_2_enemy_damage_id_4_combo_end_recovery_speed AltName="[2] Enemy Damage ID 4 - Combo End Recovery Speed"/>
    <group_2_unk28 AltName="[2] Unk28"/>
    <group_2_unk29 AltName="[2] Unk29"/>
    <group_2_unk30 AltName="[2] Unk30"/>
    <group_2_unk31 AltName="[2] Unk31"/>
    <group_2_unk32 AltName="[2] Unk32"/>
    <group_2_unk33 AltName="[2] Unk33"/>
    <group_2_unk34 AltName="[2] Unk34"/>
    <group_2_unk35 AltName="[2] Unk35"/>
    <group_2_unk36 AltName="[2] Unk36"/>
    <group_2_unk37 AltName="[2] Unk37"/>
    <group_2_unk38 AltName="[2] Unk38"/>
    <group_2_unk39 AltName="[2] Unk39"/>
    <group_2_unk40 AltName="[2] Unk40"/>
    <group_2_unk41 AltName="[2] Unk41"/>
    <group_2_unk42 AltName="[2] Unk42"/>
    <group_2_unk43 AltName="[2] Unk43"/>
    <group_2_unk44 AltName="[2] Unk44"/>
    <group_2_unk45 AltName="[2] Unk45"/>
    <group_2_unk46 AltName="[2] Unk46"/>
    <group_2_unk47 AltName="[2] Unk47"/>
    <group_2_unk48 AltName="[2] Unk48"/>
    <group_2_unk49 AltName="[2] Unk49"/>
    <group_3_unk00 AltName="[3] Unk00"/>
    <group_3_unk01 AltName="[3] Unk01"/>
    <group_3_unk02 AltName="[3] Unk02"/>
    <group_3_unk03 AltName="[3] Unk03"/>
    <group_3_unk04 AltName="[3] Unk04"/>
    <group_3_enemy_damage_id_0 AltName="[3] Enemy Damage ID 0" Refs="EnemyDamageParam,PlayerDamageParam,SystemDamageParam"/>
    <group_3_enemy_damage_id_1 AltName="[3] Enemy Damage ID 1" Refs="EnemyDamageParam,PlayerDamageParam,SystemDamageParam"/>
    <group_3_enemy_damage_id_2 AltName="[3] Enemy Damage ID 2" Refs="EnemyDamageParam,PlayerDamageParam,SystemDamageParam"/>
    <group_3_enemy_damage_id_3 AltName="[3] Enemy Damage ID 3" Refs="EnemyDamageParam,PlayerDamageParam,SystemDamageParam"/>
    <group_3_enemy_damage_id_4 AltName="[3] Enemy Damage ID 4" Refs="EnemyDamageParam,PlayerDamageParam,SystemDamageParam"/>
    <group_3_unk05 AltName="[3] Unk05"/>
    <group_3_unk06 AltName="[3] Unk06"/>
    <group_3_unk07 AltName="[3] Unk07"/>
    <group_3_unk08 AltName="[3] Unk08"/>
    <group_3_unk09 AltName="[3] Unk09"/>
    <group_3_unk10 AltName="[3] Unk10"/>
    <group_3_unk11 AltName="[3] Unk11"/>
    <group_3_unk12 AltName="[3] Unk12"/>
    <group_3_unk13 AltName="[3] Unk13"/>
    <group_3_unk14 AltName="[3] Unk14"/>
    <group_3_unk15 AltName="[3] Unk15"/>
    <group_3_unk16 AltName="[3] Unk16"/>
    <group_3_unk17 AltName="[3] Unk17"/>
    <group_3_unk18 AltName="[3] Unk18"/>
    <group_3_unk19 AltName="[3] Unk19"/>
    <group_3_unk20 AltName="[3] Unk20"/>
    <group_3_unk21 AltName="[3] Unk21"/>
    <group_3_unk22 AltName="[3] Unk22"/>
    <group_3_unk23 AltName="[3] Unk23"/>
    <group_3_unk24 AltName="[3] Unk24"/>
    <group_3_unk25 AltName="[3] Unk25"/>
    <group_3_unk26 AltName="[3] Unk26"/>
    <group_3_unk27 AltName="[3] Unk27"/>
    <group_3_enemy_damage_id_0_startup_speed AltName="[3] Enemy Damage ID 0 - Startup Speed"/>
    <group_3_enemy_damage_id_0_to_1_speed AltName="[3] Enemy Damage ID 0 to 1 Startup Speed"/>
    <group_3_enemy_damage_id_1_to_2_speed AltName="[3] Enemy Damage ID 1 to 2 Startup Speed"/>
    <group_3_enemy_damage_id_2_to_3_speed AltName="[3] Enemy Damage ID 2 to 3 Startup Speed"/>
    <group_3_enemy_damage_id_1_combo_end_recovery_speed AltName="[3] Enemy Damage ID 1 - Combo End Recovery Speed"/>
    <group_3_enemy_damage_id_2_combo_end_recovery_speed AltName="[3] Enemy Damage ID 2 - Combo End Recovery Speed"/>
    <group_3_enemy_damage_id_3_combo_end_recovery_speed AltName="[3] Enemy Damage ID 3 - Combo End Recovery Speed"/>
    <group_3_enemy_damage_id_4_combo_end_recovery_speed AltName="[3] Enemy Damage ID 4 - Combo End Recovery Speed"/>
    <group_3_unk28 AltName="[3] Unk28"/>
    <group_3_unk29 AltName="[3] Unk29"/>
    <group_3_unk30 AltName="[3] Unk30"/>
    <group_3_unk31 AltName="[3] Unk31"/>
    <group_3_unk32 AltName="[3] Unk32"/>
    <group_3_unk33 AltName="[3] Unk33"/>
    <group_3_unk34 AltName="[3] Unk34"/>
    <group_3_unk35 AltName="[3] Unk35"/>
    <group_3_unk36 AltName="[3] Unk36"/>
    <group_3_unk37 AltName="[3] Unk37"/>
    <group_3_unk38 AltName="[3] Unk38"/>
    <group_3_unk39 AltName="[3] Unk39"/>
    <group_3_unk40 AltName="[3] Unk40"/>
    <group_3_unk41 AltName="[3] Unk41"/>
    <group_3_unk42 AltName="[3] Unk42"/>
    <group_3_unk43 AltName="[3] Unk43"/>
    <group_3_unk44 AltName="[3] Unk44"/>
    <group_3_unk45 AltName="[3] Unk45"/>
    <group_3_unk46 AltName="[3] Unk46"/>
    <group_3_unk47 AltName="[3] Unk47"/>
    <group_3_unk48 AltName="[3] Unk48"/>
    <group_3_unk49 AltName="[3] Unk49"/>
    <group_4_unk00 AltName="[4] Unk00"/>
    <group_4_unk01 AltName="[4] Unk01"/>
    <group_4_unk02 AltName="[4] Unk02"/>
    <group_4_unk03 AltName="[4] Unk03"/>
    <group_4_unk04 AltName="[4] Unk04"/>
    <group_4_enemy_damage_id_0 AltName="[4] Enemy Damage ID 0" Refs="EnemyDamageParam,PlayerDamageParam,SystemDamageParam"/>
    <group_4_enemy_damage_id_1 AltName="[4] Enemy Damage ID 1" Refs="EnemyDamageParam,PlayerDamageParam,SystemDamageParam"/>
    <group_4_enemy_damage_id_2 AltName="[4] Enemy Damage ID 2" Refs="EnemyDamageParam,PlayerDamageParam,SystemDamageParam"/>
    <group_4_enemy_damage_id_3 AltName="[4] Enemy Damage ID 3" Refs="EnemyDamageParam,PlayerDamageParam,SystemDamageParam"/>
    <group_4_enemy_damage_id_4 AltName="[4] Enemy Damage ID 4" Refs="EnemyDamageParam,PlayerDamageParam,SystemDamageParam"/>
    <group_4_unk05 AltName="[4] Unk05"/>
    <group_4_unk06 AltName="[4] Unk06"/>
    <group_4_unk07 AltName="[4] Unk07"/>
    <group_4_unk08 AltName="[4] Unk08"/>
    <group_4_unk09 AltName="[4] Unk09"/>
    <group_4_unk10 AltName="[4] Unk10"/>
    <group_4_unk11 AltName="[4] Unk11"/>
    <group_4_unk12 AltName="[4] Unk12"/>
    <group_4_unk13 AltName="[4] Unk13"/>
    <group_4_unk14 AltName="[4] Unk14"/>
    <group_4_unk15 AltName="[4] Unk15"/>
    <group_4_unk16 AltName="[4] Unk16"/>
    <group_4_unk17 AltName="[4] Unk17"/>
    <group_4_unk18 AltName="[4] Unk18"/>
    <group_4_unk19 AltName="[4] Unk19"/>
    <group_4_unk20 AltName="[4] Unk20"/>
    <group_4_unk21 AltName="[4] Unk21"/>
    <group_4_unk22 AltName="[4] Unk22"/>
    <group_4_unk23 AltName="[4] Unk23"/>
    <group_4_unk24 AltName="[4] Unk24"/>
    <group_4_unk25 AltName="[4] Unk25"/>
    <group_4_unk26 AltName="[4] Unk26"/>
    <group_4_unk27 AltName="[4] Unk27"/>
    <group_4_enemy_damage_id_0_startup_speed AltName="[4] Enemy Damage ID 0 - Startup Speed"/>
    <group_4_enemy_damage_id_0_to_1_speed AltName="[4] Enemy Damage ID 0 to 1 Startup Speed"/>
    <group_4_enemy_damage_id_1_to_2_speed AltName="[4] Enemy Damage ID 1 to 2 Startup Speed"/>
    <group_4_enemy_damage_id_2_to_3_speed AltName="[4] Enemy Damage ID 2 to 3 Startup Speed"/>
    <group_4_enemy_damage_id_1_combo_end_recovery_speed AltName="[4] Enemy Damage ID 1 - Combo End Recovery Speed"/>
    <group_4_enemy_damage_id_2_combo_end_recovery_speed AltName="[4] Enemy Damage ID 2 - Combo End Recovery Speed"/>
    <group_4_enemy_damage_id_3_combo_end_recovery_speed AltName="[4] Enemy Damage ID 3 - Combo End Recovery Speed"/>
    <group_4_enemy_damage_id_4_combo_end_recovery_speed AltName="[4] Enemy Damage ID 4 - Combo End Recovery Speed"/>
    <group_4_unk28 AltName="[4] Unk28"/>
    <group_4_unk29 AltName="[4] Unk29"/>
    <group_4_unk30 AltName="[4] Unk30"/>
    <group_4_unk31 AltName="[4] Unk31"/>
    <group_4_unk32 AltName="[4] Unk32"/>
    <group_4_unk33 AltName="[4] Unk33"/>
    <group_4_unk34 AltName="[4] Unk34"/>
    <group_4_unk35 AltName="[4] Unk35"/>
    <group_4_unk36 AltName="[4] Unk36"/>
    <group_4_unk37 AltName="[4] Unk37"/>
    <group_4_unk38 AltName="[4] Unk38"/>
    <group_4_unk39 AltName="[4] Unk39"/>
    <group_4_unk40 AltName="[4] Unk40"/>
    <group_4_unk41 AltName="[4] Unk41"/>
    <group_4_unk42 AltName="[4] Unk42"/>
    <group_4_unk43 AltName="[4] Unk43"/>
    <group_4_unk44 AltName="[4] Unk44"/>
    <group_4_unk45 AltName="[4] Unk45"/>
    <group_4_unk46 AltName="[4] Unk46"/>
    <group_4_unk47 AltName="[4] Unk47"/>
    <group_4_unk48 AltName="[4] Unk48"/>
    <group_4_unk49 AltName="[4] Unk49"/>
    <group_5_unk00 AltName="[5] Unk00"/>
    <group_5_unk01 AltName="[5] Unk01"/>
    <group_5_unk02 AltName="[5] Unk02"/>
    <group_5_unk03 AltName="[5] Unk03"/>
    <group_5_unk04 AltName="[5] Unk04"/>
    <group_5_enemy_damage_id_0 AltName="[5] Enemy Damage ID 0" Refs="EnemyDamageParam,PlayerDamageParam,SystemDamageParam"/>
    <group_5_enemy_damage_id_1 AltName="[5] Enemy Damage ID 1" Refs="EnemyDamageParam,PlayerDamageParam,SystemDamageParam"/>
    <group_5_enemy_damage_id_2 AltName="[5] Enemy Damage ID 2" Refs="EnemyDamageParam,PlayerDamageParam,SystemDamageParam"/>
    <group_5_enemy_damage_id_3 AltName="[5] Enemy Damage ID 3" Refs="EnemyDamageParam,PlayerDamageParam,SystemDamageParam"/>
    <group_5_enemy_damage_id_4 AltName="[5] Enemy Damage ID 4" Refs="EnemyDamageParam,PlayerDamageParam,SystemDamageParam"/>
    <group_5_unk05 AltName="[5] Unk05"/>
    <group_5_unk06 AltName="[5] Unk06"/>
    <group_5_unk07 AltName="[5] Unk07"/>
    <group_5_unk08 AltName="[5] Unk08"/>
    <group_5_unk09 AltName="[5] Unk09"/>
    <group_5_unk10 AltName="[5] Unk10"/>
    <group_5_unk11 AltName="[5] Unk11"/>
    <group_5_unk12 AltName="[5] Unk12"/>
    <group_5_unk13 AltName="[5] Unk13"/>
    <group_5_unk14 AltName="[5] Unk14"/>
    <group_5_unk15 AltName="[5] Unk15"/>
    <group_5_unk16 AltName="[5] Unk16"/>
    <group_5_unk17 AltName="[5] Unk17"/>
    <group_5_unk18 AltName="[5] Unk18"/>
    <group_5_unk19 AltName="[5] Unk19"/>
    <group_5_unk20 AltName="[5] Unk20"/>
    <group_5_unk21 AltName="[5] Unk21"/>
    <group_5_unk22 AltName="[5] Unk22"/>
    <group_5_unk23 AltName="[5] Unk23"/>
    <group_5_unk24 AltName="[5] Unk24"/>
    <group_5_unk25 AltName="[5] Unk25"/>
    <group_5_unk26 AltName="[5] Unk26"/>
    <group_5_unk27 AltName="[5] Unk27"/>
    <group_5_enemy_damage_id_0_startup_speed AltName="[5] Enemy Damage ID 0 - Startup Speed"/>
    <group_5_enemy_damage_id_0_to_1_speed AltName="[5] Enemy Damage ID 0 to 1 Startup Speed"/>
    <group_5_enemy_damage_id_1_to_2_speed AltName="[5] Enemy Damage ID 1 to 2 Startup Speed"/>
    <group_5_enemy_damage_id_2_to_3_speed AltName="[5] Enemy Damage ID 2 to 3 Startup Speed"/>
    <group_5_enemy_damage_id_1_combo_end_recovery_speed AltName="[5] Enemy Damage ID 1 - Combo End Recovery Speed"/>
    <group_5_enemy_damage_id_2_combo_end_recovery_speed AltName="[5] Enemy Damage ID 2 - Combo End Recovery Speed"/>
    <group_5_enemy_damage_id_3_combo_end_recovery_speed AltName="[5] Enemy Damage ID 3 - Combo End Recovery Speed"/>
    <group_5_enemy_damage_id_4_combo_end_recovery_speed AltName="[5] Enemy Damage ID 4 - Combo End Recovery Speed"/>
    <group_5_unk28 AltName="[5] Unk28"/>
    <group_5_unk29 AltName="[5] Unk29"/>
    <group_5_unk30 AltName="[5] Unk30"/>
    <group_5_unk31 AltName="[5] Unk31"/>
    <group_5_unk32 AltName="[5] Unk32"/>
    <group_5_unk33 AltName="[5] Unk33"/>
    <group_5_unk34 AltName="[5] Unk34"/>
    <group_5_unk35 AltName="[5] Unk35"/>
    <group_5_unk36 AltName="[5] Unk36"/>
    <group_5_unk37 AltName="[5] Unk37"/>
    <group_5_unk38 AltName="[5] Unk38"/>
    <group_5_unk39 AltName="[5] Unk39"/>
    <group_5_unk40 AltName="[5] Unk40"/>
    <group_5_unk41 AltName="[5] Unk41"/>
    <group_5_unk42 AltName="[5] Unk42"/>
    <group_5_unk43 AltName="[5] Unk43"/>
    <group_5_unk44 AltName="[5] Unk44"/>
    <group_5_unk45 AltName="[5] Unk45"/>
    <group_5_unk46 AltName="[5] Unk46"/>
    <group_5_unk47 AltName="[5] Unk47"/>
    <group_5_unk48 AltName="[5] Unk48"/>
    <group_5_unk49 AltName="[5] Unk49"/>
    <group_6_unk00 AltName="[6] Unk00"/>
    <group_6_unk01 AltName="[6] Unk01"/>
    <group_6_unk02 AltName="[6] Unk02"/>
    <group_6_unk03 AltName="[6] Unk03"/>
    <group_6_unk04 AltName="[6] Unk04"/>
    <group_6_enemy_damage_id_0 AltName="[6] Enemy Damage ID 0" Refs="EnemyDamageParam,PlayerDamageParam,SystemDamageParam"/>
    <group_6_enemy_damage_id_1 AltName="[6] Enemy Damage ID 1" Refs="EnemyDamageParam,PlayerDamageParam,SystemDamageParam"/>
    <group_6_enemy_damage_id_2 AltName="[6] Enemy Damage ID 2" Refs="EnemyDamageParam,PlayerDamageParam,SystemDamageParam"/>
    <group_6_enemy_damage_id_3 AltName="[6] Enemy Damage ID 3" Refs="EnemyDamageParam,PlayerDamageParam,SystemDamageParam"/>
    <group_6_enemy_damage_id_4 AltName="[6] Enemy Damage ID 4" Refs="EnemyDamageParam,PlayerDamageParam,SystemDamageParam"/>
    <group_6_unk05 AltName="[6] Unk05"/>
    <group_6_unk06 AltName="[6] Unk06"/>
    <group_6_unk07 AltName="[6] Unk07"/>
    <group_6_unk08 AltName="[6] Unk08"/>
    <group_6_unk09 AltName="[6] Unk09"/>
    <group_6_unk10 AltName="[6] Unk10"/>
    <group_6_unk11 AltName="[6] Unk11"/>
    <group_6_unk12 AltName="[6] Unk12"/>
    <group_6_unk13 AltName="[6] Unk13"/>
    <group_6_unk14 AltName="[6] Unk14"/>
    <group_6_unk15 AltName="[6] Unk15"/>
    <group_6_unk16 AltName="[6] Unk16"/>
    <group_6_unk17 AltName="[6] Unk17"/>
    <group_6_unk18 AltName="[6] Unk18"/>
    <group_6_unk19 AltName="[6] Unk19"/>
    <group_6_unk20 AltName="[6] Unk20"/>
    <group_6_unk21 AltName="[6] Unk21"/>
    <group_6_unk22 AltName="[6] Unk22"/>
    <group_6_unk23 AltName="[6] Unk23"/>
    <group_6_unk24 AltName="[6] Unk24"/>
    <group_6_unk25 AltName="[6] Unk25"/>
    <group_6_unk26 AltName="[6] Unk26"/>
    <group_6_unk27 AltName="[6] Unk27"/>
    <group_6_enemy_damage_id_0_startup_speed AltName="[6] Enemy Damage ID 0 - Startup Speed"/>
    <group_6_enemy_damage_id_0_to_1_speed AltName="[6] Enemy Damage ID 0 to 1 Startup Speed"/>
    <group_6_enemy_damage_id_1_to_2_speed AltName="[6] Enemy Damage ID 1 to 2 Startup Speed"/>
    <group_6_enemy_damage_id_2_to_3_speed AltName="[6] Enemy Damage ID 2 to 3 Startup Speed"/>
    <group_6_enemy_damage_id_1_combo_end_recovery_speed AltName="[6] Enemy Damage ID 1 - Combo End Recovery Speed"/>
    <group_6_enemy_damage_id_2_combo_end_recovery_speed AltName="[6] Enemy Damage ID 2 - Combo End Recovery Speed"/>
    <group_6_enemy_damage_id_3_combo_end_recovery_speed AltName="[6] Enemy Damage ID 3 - Combo End Recovery Speed"/>
    <group_6_enemy_damage_id_4_combo_end_recovery_speed AltName="[6] Enemy Damage ID 4 - Combo End Recovery Speed"/>
    <group_6_unk28 AltName="[6] Unk28"/>
    <group_6_unk29 AltName="[6] Unk29"/>
    <group_6_unk30 AltName="[6] Unk30"/>
    <group_6_unk31 AltName="[6] Unk31"/>
    <group_6_unk32 AltName="[6] Unk32"/>
    <group_6_unk33 AltName="[6] Unk33"/>
    <group_6_unk34 AltName="[6] Unk34"/>
    <group_6_unk35 AltName="[6] Unk35"/>
    <group_6_unk36 AltName="[6] Unk36"/>
    <group_6_unk37 AltName="[6] Unk37"/>
    <group_6_unk38 AltName="[6] Unk38"/>
    <group_6_unk39 AltName="[6] Unk39"/>
    <group_6_unk40 AltName="[6] Unk40"/>
    <group_6_unk41 AltName="[6] Unk41"/>
    <group_6_unk42 AltName="[6] Unk42"/>
    <group_6_unk43 AltName="[6] Unk43"/>
    <group_6_unk44 AltName="[6] Unk44"/>
    <group_6_unk45 AltName="[6] Unk45"/>
    <group_6_unk46 AltName="[6] Unk46"/>
    <group_6_unk47 AltName="[6] Unk47"/>
    <group_6_unk48 AltName="[6] Unk48"/>
    <group_6_unk49 AltName="[6] Unk49"/>
    <group_7_unk00 AltName="[7] Unk00"/>
    <group_7_unk01 AltName="[7] Unk01"/>
    <group_7_unk02 AltName="[7] Unk02"/>
    <group_7_unk03 AltName="[7] Unk03"/>
    <group_7_unk04 AltName="[7] Unk04"/>
    <group_7_enemy_damage_id_0 AltName="[7] Enemy Damage ID 0" Refs="EnemyDamageParam,PlayerDamageParam,SystemDamageParam"/>
    <group_7_enemy_damage_id_1 AltName="[7] Enemy Damage ID 1" Refs="EnemyDamageParam,PlayerDamageParam,SystemDamageParam"/>
    <group_7_enemy_damage_id_2 AltName="[7] Enemy Damage ID 2" Refs="EnemyDamageParam,PlayerDamageParam,SystemDamageParam"/>
    <group_7_enemy_damage_id_3 AltName="[7] Enemy Damage ID 3" Refs="EnemyDamageParam,PlayerDamageParam,SystemDamageParam"/>
    <group_7_enemy_damage_id_4 AltName="[7] Enemy Damage ID 4" Refs="EnemyDamageParam,PlayerDamageParam,SystemDamageParam"/>
    <group_7_unk05 AltName="[7] Unk05"/>
    <group_7_unk06 AltName="[7] Unk06"/>
    <group_7_unk07 AltName="[7] Unk07"/>
    <group_7_unk08 AltName="[7] Unk08"/>
    <group_7_unk09 AltName="[7] Unk09"/>
    <group_7_unk10 AltName="[7] Unk10"/>
    <group_7_unk11 AltName="[7] Unk11"/>
    <group_7_unk12 AltName="[7] Unk12"/>
    <group_7_unk13 AltName="[7] Unk13"/>
    <group_7_unk14 AltName="[7] Unk14"/>
    <group_7_unk15 AltName="[7] Unk15"/>
    <group_7_unk16 AltName="[7] Unk16"/>
    <group_7_unk17 AltName="[7] Unk17"/>
    <group_7_unk18 AltName="[7] Unk18"/>
    <group_7_unk19 AltName="[7] Unk19"/>
    <group_7_unk20 AltName="[7] Unk20"/>
    <group_7_unk21 AltName="[7] Unk21"/>
    <group_7_unk22 AltName="[7] Unk22"/>
    <group_7_unk23 AltName="[7] Unk23"/>
    <group_7_unk24 AltName="[7] Unk24"/>
    <group_7_unk25 AltName="[7] Unk25"/>
    <group_7_unk26 AltName="[7] Unk26"/>
    <group_7_unk27 AltName="[7] Unk27"/>
    <group_7_enemy_damage_id_0_startup_speed AltName="[7] Enemy Damage ID 0 - Startup Speed"/>
    <group_7_enemy_damage_id_0_to_1_speed AltName="[7] Enemy Damage ID 0 to 1 Startup Speed"/>
    <group_7_enemy_damage_id_1_to_2_speed AltName="[7] Enemy Damage ID 1 to 2 Startup Speed"/>
    <group_7_enemy_damage_id_2_to_3_speed AltName="[7] Enemy Damage ID 2 to 3 Startup Speed"/>
    <group_7_enemy_damage_id_1_combo_end_recovery_speed AltName="[7] Enemy Damage ID 1 - Combo End Recovery Speed"/>
    <group_7_enemy_damage_id_2_combo_end_recovery_speed AltName="[7] Enemy Damage ID 2 - Combo End Recovery Speed"/>
    <group_7_enemy_damage_id_3_combo_end_recovery_speed AltName="[7] Enemy Damage ID 3 - Combo End Recovery Speed"/>
    <group_7_enemy_damage_id_4_combo_end_recovery_speed AltName="[7] Enemy Damage ID 4 - Combo End Recovery Speed"/>
    <group_7_unk28 AltName="[7] Unk28"/>
    <group_7_unk29 AltName="[7] Unk29"/>
    <group_7_unk30 AltName="[7] Unk30"/>
    <group_7_unk31 AltName="[7] Unk31"/>
    <group_7_unk32 AltName="[7] Unk32"/>
    <group_7_unk33 AltName="[7] Unk33"/>
    <group_7_unk34 AltName="[7] Unk34"/>
    <group_7_unk35 AltName="[7] Unk35"/>
    <group_7_unk36 AltName="[7] Unk36"/>
    <group_7_unk37 AltName="[7] Unk37"/>
    <group_7_unk38 AltName="[7] Unk38"/>
    <group_7_unk39 AltName="[7] Unk39"/>
    <group_7_unk40 AltName="[7] Unk40"/>
    <group_7_unk41 AltName="[7] Unk41"/>
    <group_7_unk42 AltName="[7] Unk42"/>
    <group_7_unk43 AltName="[7] Unk43"/>
    <group_7_unk44 AltName="[7] Unk44"/>
    <group_7_unk45 AltName="[7] Unk45"/>
    <group_7_unk46 AltName="[7] Unk46"/>
    <group_7_unk47 AltName="[7] Unk47"/>
    <group_7_unk48 AltName="[7] Unk48"/>
    <group_7_unk49 AltName="[7] Unk49"/>
  </Field>
</PARAMMETA>