﻿<?xml version="1.0" encoding="utf-8"?>
<PARAMMETA XmlVersion="0">
  <Self Row0Dummy="" />
  <Field>
    <physical_attack_rating_mult_pve AltName="PVE Attack Rating %: Physical"/>
    <player_damage_mult_coc AltName="Player Damage % - Company of Champions"/>
    <enemy_damage_mult_coc AltName="Enemy Damage % - Company of Champions"/>
    <physical_absorption_mult_pve AltName="PVE Absorption %: Physical"/>
    <physical_attack_rating_mult_pvp AltName="PVP Attack Rating %: Physical"/>
    <physical_absorption_mult_pvp AltName="PVP Absorption %: Physical"/>
    <magic_absorption_mult_pvp AltName="PVP Absorption %: Magic"/>
    <lightning_absorption_mult_pvp AltName="PVP Absorption %: Lightning"/>
    <fire_absorption_mult_pvp AltName="PVP Absorption %: Fire"/>
    <dark_absorption_mult_pvp AltName="PVP Absorption %: Dark"/>
  </Field>
</PARAMMETA>