﻿<?xml version="1.0" encoding="utf-8"?>
<PARAMMETA XmlVersion="0">
  <Enums>
    <Enum Name="ItemTypeCategory">
      <Option Value="0" Name="None" />
      <Option Value="1" Name="Consumable" />
      <Option Value="2" Name="Non-Consumable (except Human Effigy)" />
      <Option Value="3" Name="System (Darksign)" />
    </Enum>
    <Enum Name="ItemType2Category">
      <Option Value="0" Name="Weapon" />
      <Option Value="1" Name="Shield" />
      <Option Value="2" Name="Head Armor" />
      <Option Value="3" Name="Chest Armor" />
      <Option Value="4" Name="Hands Armor" />
      <Option Value="5" Name="Legs Armor" />
      <Option Value="6" Name="Ammunition" />
      <Option Value="7" Name="Ring" />
      <Option Value="8" Name="Good" />
      <Option Value="9" Name="Spell" />
      <Option Value="10" Name="Gesture" />
    </Enum>
    <Enum Name="BuffFlagType">
      <Option Value="0" Name="Unbuffable" />
      <Option Value="2" Name="Spells Only" />
      <Option Value="3" Name="Buffable" />
    </Enum>
    <Enum Name="ItemType3Category">
      <Option Value="0" Name="None" />
      <Option Value="1" Name="Gesture" />
      <Option Value="2" Name="Sorcery" />
      <Option Value="3" Name="Miracles" />
      <Option Value="4" Name="Pyromancy" />
      <Option Value="5" Name="Hex" />
    </Enum>
    <Enum Name="NewGamePlusBehaviorType">
      <Option Value="4" Name="Dragon Stone" />
      <Option Value="8" Name="Limited Item" />
      <Option Value="9" Name="Remove Ring" />
      <Option Value="10" Name="Ladder Miniature" />
      <Option Value="11" Name="Remove Good" />
      <Option Value="12" Name="No Change" />
      <Option Value="13" Name="Estus Flask / Aged Feather / Darksign" />
      <Option Value="15" Name="Champion's Tablet" />
    </Enum>
  </Enums>
  <Self Row0Dummy="" />
  <Field>
    <icon_id AltName="Icon ID" Wiki="Typically found in menu\tex\icon." />
    <speffect_id AltName="SpEffect ID" Wiki="The SpEffect ID - can be called from EMEVD." />
    <weapon_id AltName="Weapon ID" Refs="WeaponParam" />
    <armor_id AltName="Armor ID" Refs="ArmorParam" />
    <ammo_id AltName="Ammo ID" Refs="ArrowParam" />
    <ring_id AltName="Ring ID" Refs="RingParam" />
    <spell_id AltName="Spell ID" Refs="SpellParam" />
    <gesture_id AltName="Gesture ID" />
    <sort_id AltName="Sort ID" />
    <base_price AltName="Base Price" Wiki="Per-merchant pricing can be altered with ShopLineupParam." />
    <sell_price AltName="Sell Price" />
    <animation_speed AltName="Animation Speed" />
    <item_type_id AltName="Item Type ID" />
    <item_usage_id AltName="Item Usage ID" Refs="ItemUsageParam" />
    <max_held_count AltName="Max Held" />
    <speffect_type AltName="SpEffect Type" />
    <item_type_1 AltName="Item Type [1]" Enum="ItemTypeCategory" />
    <item_type_2 AltName="Item Type [2]" Enum="ItemType2Category" />
    <buff_flags AltName="Buff Flags" Enum="BuffFlagType" />
    <item_type_3 AltName="Item Type [3]" Enum="ItemType3Category" />
    <ng_behavior_type AltName="NG+ Behavior Type" Enum="NewGamePlusBehaviorType" />
  </Field>
</PARAMMETA>