﻿<?xml version="1.0" encoding="utf-8"?>
<PARAMMETA XmlVersion="0">
  <Self Row0Dummy="" />
  <Field>
    <offset_x AltName="Offset: X" />
    <offset_y AltName="Offset: Y" />
    <offset_z AltName="Offset: Z" />
    <diffuse_color_r AltName="Diffuse: R" />
    <diffuse_color_g AltName="Diffuse: G" />
    <diffuse_color_b AltName="Diffuse: B" />
    <diffuse_color_a AltName="Diffuse: A" />
    <specular_color_r AltName="Specular: R" />
    <specular_color_g AltName="Specular: G" />
    <specular_color_b AltName="Specular: B" />
    <specular_color_a AltName="Specular: A" />
    <diffuse_color_intensity AltName="Diffuse Intensity" />
    <specular_color_intensity AltName="Specular Intensity" />
    <light_radius AltName="Radius" />
    <shadow_strength AltName="Shadow Strength" />
    <can_cast_shadows AltName="Cast Shadows" IsBool="" />
  </Field>
</PARAMMETA>