﻿<?xml version="1.0" encoding="utf-8"?>
<PARAMMETA XmlVersion="0">
  <Self Row0Dummy="" />
  <Field>
    <attunement_slots AltName="Attunement Slots" />
    <cast_tier AltName="Cast Tier" />
    <max_stamina AltName="Max Stamina" />
    <max_equip_load AltName="Max Equip Load" />
    <strength_bonus AltName="Strength Bonus" />
    <dexterity_bonus AltName="Dexterity Bonus" />
    <magic_bonus AltName="Magic Bonus" />
    <lightning_bonus AltName="Lightning Bonus" />
    <magic_defence AltName="Magic Defence" />
    <lightning_defence AltName="Lightning Defence" />
  </Field>
</PARAMMETA>