<?xml version="1.0" encoding="utf-8"?>
<PARAMDEF XmlVersion="0">
  <ParamType>CHR_MOVE_PARAM</ParamType>
  <Unk06>0</Unk06>
  <BigEndian>False</BigEndian>
  <Unicode>True</Unicode>
  <Version>201</Version>
  <Fields>
    <Field Def="f32 Unk00" />
    <Field Def="f32 Unk01" />
    <Field Def="f32 Unk02" />
    <Field Def="f32 Unk03" />
    <Field Def="f32 Unk04" />
    <Field Def="f32 Unk05" />
    <Field Def="f32 walk_acceleration" />
    <Field Def="f32 auto_walk_speed" />
    <Field Def="f32 walk_speed" />
    <Field Def="f32 walk_deceleration" />
    <Field Def="f32 Unk07" />
    <Field Def="f32 slow_walk_turn_rate" />
    <Field Def="f32 walk_turn_rate" />
    <Field Def="f32 Unk08" />
    <Field Def="f32 Unk09" />
    <Field Def="f32 run_speed" />
    <Field Def="f32 run_acceleration" />
    <Field Def="f32 Unk10" />
    <Field Def="f32 leg_ik_offset" />
    <Field Def="f32 run_to_walk_deceleration" />
    <Field Def="f32 Unk11" />
    <Field Def="f32 Unk12" />
    <Field Def="f32 Unk13" />
    <Field Def="f32 Unk14" />
    <Field Def="f32 Unk15" />
    <Field Def="f32 lock_on_walk_acceleration" />
    <Field Def="f32 lock_on_auto_walk_speed" />
    <Field Def="f32 lock_on_walk_speed" />
    <Field Def="f32 lock_on_walk_deceleration" />
    <Field Def="f32 Unk16" />
    <Field Def="f32 lock_on_walk_turn_rate" />
    <Field Def="f32 Unk17" />
    <Field Def="f32 Unk18" />
    <Field Def="f32 lock_on_run_speed" />
    <Field Def="f32 lock_on_run_acceleration" />
    <Field Def="f32 Unk19" />
    <Field Def="f32 lock_on_leg_ik_offset" />
    <Field Def="f32 lock_on_run_to_walk_deceleration" />
    <Field Def="f32 Unk20" />
    <Field Def="f32 Unk21" />
    <Field Def="f32 Unk22" />
    <Field Def="f32 Unk23" />
    <Field Def="f32 Unk24" />
    <Field Def="f32 Unk25" />
    <Field Def="f32 Unk26" />
    <Field Def="f32 Unk27" />
    <Field Def="f32 Unk28" />
    <Field Def="f32 Unk29" />
    <Field Def="f32 Unk30" />
    <Field Def="f32 Unk31" />
    <Field Def="f32 Unk32" />
    <Field Def="f32 Unk33" />
    <Field Def="f32 Unk34" />
    <Field Def="f32 Unk35" />
    <Field Def="f32 Unk36" />
    <Field Def="f32 Unk37" />
    <Field Def="f32 Unk38" />
    <Field Def="f32 Unk39" />
    <Field Def="f32 Unk40" />
    <Field Def="f32 Unk41" />
    <Field Def="f32 Unk42" />
    <Field Def="f32 Unk43" />
    <Field Def="f32 backstep_speed" />
    <Field Def="s32 Unk44" />
    <Field Def="f32 Unk45" />
    <Field Def="f32 backstep_distance" />
    <Field Def="f32 Unk46" />
    <Field Def="f32 Unk47" />
    <Field Def="f32 roll_speed" />
    <Field Def="f32 Unk48" />
    <Field Def="f32 Unk49" />
    <Field Def="f32 Unk50" />
    <Field Def="f32 jump_height" />
    <Field Def="f32 Unk51" />
    <Field Def="f32 Unk52" />
    <Field Def="f32 jump_length_min" />
    <Field Def="f32 jump_length_max" />
    <Field Def="f32 Unk53" />
    <Field Def="f32 Unk54" />
    <Field Def="f32 jump_gravity_min" />
    <Field Def="f32 jump_gravity_max" />
    <Field Def="f32 Unk55" />
    <Field Def="f32 Unk56" />
    <Field Def="f32 Unk57" />
    <Field Def="f32 fall_death_timer" />
    <Field Def="f32 Unk58" />
    <Field Def="f32 Unk59" />
    <Field Def="f32 Unk60" />
    <Field Def="f32 escape_min_height" />
    <Field Def="f32 Unk61" />
    <Field Def="f32 Unk62" />
    <Field Def="f32 Unk63" />
    <Field Def="f32 Unk64" />
    <Field Def="f32 Unk65" />
    <Field Def="f32 Unk66" />
    <Field Def="f32 Unk67" />
    <Field Def="f32 Unk68" />
    <Field Def="f32 Unk69" />
    <Field Def="f32 Unk70" />
    <Field Def="f32 Unk71" />
    <Field Def="f32 Unk72" />
    <Field Def="f32 Unk73" />
    <Field Def="f32 Unk74" />
    <Field Def="f32 Unk75" />
    <Field Def="f32 Unk76" />
    <Field Def="f32 Unk77" />
    <Field Def="f32 Unk78" />
    <Field Def="f32 Unk79" />
    <Field Def="f32 Unk80" />
    <Field Def="f32 Unk81" />
    <Field Def="f32 Unk82" />
    <Field Def="f32 Unk83" />
    <Field Def="f32 Unk84" />
    <Field Def="f32 Unk85" />
    <Field Def="f32 Unk86" />
    <Field Def="f32 Unk87" />
    <Field Def="f32 Unk88" />
    <Field Def="f32 Unk89" />
    <Field Def="f32 Unk90" />
    <Field Def="f32 Unk91" />
    <Field Def="f32 Unk92" />
    <Field Def="f32 Unk93" />
    <Field Def="f32 Unk94" />
    <Field Def="f32 Unk95" />
    <Field Def="f32 fall_min_vertical_speed" />
    <Field Def="f32 fall_distance_breakpoint_1" />
    <Field Def="f32 fall_distance_breakpoint_2" />
    <Field Def="f32 fall_distance_breakpoint_3" />
    <Field Def="f32 fall_distance_max" />
    <Field Def="f32 Unk96" />
    <Field Def="f32 Unk97" />
    <Field Def="f32 Unk98" />
    <Field Def="f32 Unk99" />
    <Field Def="f32 Unk100" />
    <Field Def="f32 Unk101" />
    <Field Def="f32 Unk102" />
    <Field Def="f32 Unk103" />
    <Field Def="f32 Unk104" />
    <Field Def="f32 Unk105" />
    <Field Def="s32 Unk106" />
    <Field Def="f32 ladder_climb_speed" />
    <Field Def="f32 ladder_fast_climb_speed" />
    <Field Def="f32 ladder_slide_speed" />
    <Field Def="f32 Unk107" />
    <Field Def="f32 Unk108" />
    <Field Def="f32 Unk109" />
    <Field Def="f32 Unk110" />
    <Field Def="f32 Unk111" />
    <Field Def="f32 Unk112" />
    <Field Def="f32 Unk113" />
    <Field Def="f32 Unk114" />
    <Field Def="f32 Unk115" />
    <Field Def="f32 Unk116" />
    <Field Def="f32 Unk117" />
    <Field Def="f32 Unk118" />
    <Field Def="f32 Unk119" />
    <Field Def="f32 Unk120" />
    <Field Def="f32 Unk121" />
    <Field Def="f32 Unk122" />
    <Field Def="f32 Unk123" />
    <Field Def="f32 Unk124" />
    <Field Def="f32 Unk125" />
    <Field Def="f32 Unk126" />
    <Field Def="f32 Unk128" />
    <Field Def="f32 Unk129" />
    <Field Def="f32 Unk130" />
    <Field Def="f32 Unk131" />
    <Field Def="f32 Unk132" />
    <Field Def="f32 Unk133" />
    <Field Def="f32 Unk134" />
    <Field Def="f32 Unk135" />
    <Field Def="f32 Unk136" />
    <Field Def="f32 Unk137" />
    <Field Def="f32 Unk138" />
    <Field Def="f32 Unk139" />
    <Field Def="f32 Unk140" />
    <Field Def="f32 Unk141" />
    <Field Def="f32 Unk142" />
    <Field Def="f32 Unk143" />
    <Field Def="f32 Unk144" />
    <Field Def="f32 Unk145" />
    <Field Def="f32 Unk146" />
    <Field Def="f32 Unk147" />
    <Field Def="f32 Unk148" />
    <Field Def="f32 Unk149" />
    <Field Def="f32 Unk150" />
    <Field Def="f32 Unk151" />
    <Field Def="f32 Unk152" />
    <Field Def="s32 Unk153" />
    <Field Def="f32 Unk154" />
    <Field Def="f32 Unk155" />
    <Field Def="f32 Unk156" />
    <Field Def="f32 Unk157" />
  </Fields>
</PARAMDEF>
