<?xml version="1.0" encoding="utf-8"?>
<PARAMDEF XmlVersion="0">
  <ParamType>CHR_PARAM</ParamType>
  <Unk06>0</Unk06>
  <BigEndian>False</BigEndian>
  <Unicode>True</Unicode>
  <Version>201</Version>
  <Fields>
    <Field Def="s32 chr_id" />
    <Field Def="s32 behavior_param_id" />
    <Field Def="s32 common_param_id" />
    <Field Def="s32 move_param_id" />
    <Field Def="s32 npc_player_status_param_id" />
    <Field Def="u16 Unk00" />
    <Field Def="u16 Unk01" />
    <Field Def="s32 Unk02" />
    <Field Def="s32 body_hit_sfx1" />
    <Field Def="s32 chr_phantom_param_id" />
    <Field Def="u8 Unk04" />
    <Field Def="u8 spawn_limit" />
    <Field Def="u8 Unk05" />
    <Field Def="u8 Unk06" />
    <Field Def="s32 stat_hp" />
    <Field Def="f32 stat_stamina" />
    <Field Def="f32 stat_stamina_regen" />
    <Field Def="u8 Unk07" />
    <Field Def="u8 Unk08" />
    <Field Def="u8 Unk09" />
    <Field Def="u8 Unk10" />
    <Field Def="u8 Unk11" />
    <Field Def="u8 Unk12" />
    <Field Def="u8 Unk13" />
    <Field Def="u8 Unk14" />
    <Field Def="f32 Unk15" />
    <Field Def="s32 logic_com_id" />
    <Field Def="s32 dead_type_id" />
    <Field Def="s32 Unk16" />
    <Field Def="s32 equip_weapon_id_0" />
    <Field Def="s32 equip_weapon_id_1" />
    <Field Def="s32 equip_weapon_id_2" />
    <Field Def="s32 equip_weapon_id_3" />
    <Field Def="s32 equip_weapon_id_4" />
    <Field Def="s32 equip_weapon_id_5" />
    <Field Def="s32 Unk17" />
    <Field Def="s8 Unk18" />
    <Field Def="s8 chr_round_damage_param_id" />
    <Field Def="s8 shield_block_level" />
    <Field Def="s8 Unk19" />
    <Field Def="s32 Unk20" />
    <Field Def="s32 shield_hit_sfx" />
    <Field Def="s32 shield_stability" />
    <Field Def="s32 shield_absorption_physical" />
    <Field Def="s32 shield_absorption_magic" />
    <Field Def="s32 shield_absorption_lightning" />
    <Field Def="s32 shield_absorption_fire" />
    <Field Def="s32 shield_absorption_dark" />
    <Field Def="s32 shield_absorption_poison" />
    <Field Def="s32 shield_absorption_bleed" />
    <Field Def="s32 Unk22" />
    <Field Def="s32 Unk23" />
    <Field Def="s32 defence_physical" />
    <Field Def="s32 defence_magic" />
    <Field Def="s32 defence_lightning" />
    <Field Def="s32 defence_fire" />
    <Field Def="s32 defence_dark" />
    <Field Def="s32 defence_poison" />
    <Field Def="s32 defence_bleed" />
    <Field Def="s32 defence_curse" />
    <Field Def="s32 defence_petrify" />
    <Field Def="s32 body_hit_sfx2" />
    <Field Def="s32 Unk25" />
    <Field Def="s32 Unk26" />
    <Field Def="s32 Unk27" />
    <Field Def="s32 souls_held" />
    <Field Def="s32 Unk28" />
    <Field Def="f32 aux_damage_mult" />
    <Field Def="f32 final_damage_mult" />
    <Field Def="f32 Unk29" />
    <Field Def="f32 Unk30" />
    <Field Def="f32 Unk31" />
    <Field Def="s32 Unk32" />
    <Field Def="s32 Unk33" />
    <Field Def="s32 Unk34" />
    <Field Def="s32 Unk35" />
    <Field Def="f32 stat_posture" />
    <Field Def="f32 stat_posture_regen" />
    <Field Def="f32 Unk36" />
    <Field Def="f32 Unk37" />
    <Field Def="f32 Unk38" />
    <Field Def="s32 chr_full_body_sfx_param_id" />
    <Field Def="f32 Unk39" />
    <Field Def="f32 stat_poise" />
    <Field Def="f32 stat_poise_regen" />
    <Field Def="s32 Unk40" />
    <Field Def="s32 Unk41" />
    <Field Def="f32 Unk42" />
    <Field Def="f32 coop_time_reduction" />
    <Field Def="u8 Unk44" />
    <Field Def="u8 is_hollow" />
    <Field Def="u8 Unk45" />
    <Field Def="u8 chr_round_drop_soul_param_id" />
    <Field Def="s32 death_itemlot_id" />
    <Field Def="s32 overkill_death_itemlot_id" />
    <Field Def="f32 Unk46" />
    <Field Def="s32 stat_hp_ng1" />
    <Field Def="s32 stat_hp_ng2" />
    <Field Def="s32 stat_hp_ng3" />
    <Field Def="s32 stat_hp_ng4" />
    <Field Def="s32 stat_hp_ng5" />
    <Field Def="s32 stat_hp_ng6" />
    <Field Def="s32 stat_hp_ng7" />
    <Field Def="s32 name_text_id" />
    <Field Def="s32 drops_awestone" />
    <Field Def="s32 Unk47" />
  </Fields>
</PARAMDEF>
