<?xml version="1.0" encoding="utf-8"?>
<PARAMDEF XmlVersion="0">
  <ParamType>DEMO_POINT_LIGHT_PARAM</ParamType>
  <Unk06>0</Unk06>
  <BigEndian>False</BigEndian>
  <Unicode>True</Unicode>
  <Version>201</Version>
  <Fields>
    <Field Def="f32 Unk00" />
    <Field Def="f32 Unk01" />
    <Field Def="f32 Unk02" />
    <Field Def="u8 diffuse_color_R" />
    <Field Def="u8 diffuse_color_G" />
    <Field Def="u8 diffuse_color_B" />
    <Field Def="u8 diffuse_color_A" />
    <Field Def="u8 specular_color_R" />
    <Field Def="u8 specular_color_G" />
    <Field Def="u8 specular_color_B" />
    <Field Def="u8 specular_color_A" />
    <Field Def="f32 Unk03" />
    <Field Def="f32 Unk04" />
    <Field Def="f32 Unk05" />
    <Field Def="u16 Unk06" />
    <Field Def="u16 Unk07" />
    <Field Def="f32 Unk08" />
    <Field Def="s32 Unk09" />
  </Fields>
</PARAMDEF>
