<?xml version="1.0" encoding="utf-8"?>
<PARAMDEF XmlVersion="0">
  <ParamType>LOGIC_COM_PARAM</ParamType>
  <Unk06>0</Unk06>
  <BigEndian>False</BigEndian>
  <Unicode>True</Unicode>
  <Version>201</Version>
  <Fields>
    <Field Def="s32 Unk00" />
    <Field Def="f32 Unk04" />
    <Field Def="f32 sight_distance" />
    <Field Def="f32 detect_distance" />
    <Field Def="f32 vision_cone_horizontal_angle" />
    <Field Def="f32 vision_cone_vertical_angle" />
    <Field Def="f32 Unk18" />
    <Field Def="f32 Unk1C" />
    <Field Def="f32 Unk20" />
    <Field Def="s32 Unk24" />
    <Field Def="f32 Unk28" />
    <Field Def="f32 Unk2C" />
    <Field Def="s32 Unk30" />
    <Field Def="s32 Unk34" />
    <Field Def="s32 Unk38" />
    <Field Def="s32 Unk3C" />
    <Field Def="s32 Unk40" />
    <Field Def="f32 Unk44" />
    <Field Def="f32 Unk48" />
    <Field Def="f32 Unk4C" />
    <Field Def="f32 Unk50" />
    <Field Def="f32 Unk54" />
    <Field Def="f32 Unk58" />
    <Field Def="s32 Unk5C" />
    <Field Def="f32 Unk60" />
    <Field Def="s32 Unk64" />
    <Field Def="f32 Unk68" />
    <Field Def="f32 Unk6C" />
    <Field Def="f32 Unk70" />
    <Field Def="f32 Unk74" />
    <Field Def="f32 Unk78" />
    <Field Def="f32 Unk7C" />
  </Fields>
</PARAMDEF>
