<?xml version="1.0" encoding="utf-8"?>
<PARAMDEF XmlVersion="0">
  <ParamType>MAP_OBJECT_WHITE_DOOR_PARAM</ParamType>
  <Unk06>0</Unk06>
  <BigEndian>False</BigEndian>
  <Unicode>True</Unicode>
  <Version>201</Version>
  <Fields>
    <Field Def="s32 Unk00" />
    <Field Def="f32 entry_delay" />
    <Field Def="s32 Unk01" />
    <Field Def="s32 Unk02" />
    <Field Def="s32 obj_instance_id" />
    <Field Def="s32 Unk03" />
    <Field Def="s32 Unk04" />
    <Field Def="s32 Unk05" />
  </Fields>
</PARAMDEF>
