<?xml version="1.0" encoding="utf-8"?>
<PARAMDEF XmlVersion="0">
  <ParamType>WEAPON_TYPE_PARAM</ParamType>
  <Unk06>0</Unk06>
  <BigEndian>False</BigEndian>
  <Unicode>True</Unicode>
  <Version>201</Version>
  <Fields>
    <Field Def="u8 is_cast_sorceries" />
    <Field Def="u8 is_cast_miracles" />
    <Field Def="u8 is_cast_pyromancies" />
    <Field Def="u8 is_cast_hexes_staves" />
    <Field Def="s32 Unk00" />
    <Field Def="s32 Unk01" />
    <Field Def="s32 grip_style_2h_right" />
    <Field Def="s32 grip_style_2h_left" />
    <Field Def="s32 grip_style_1h_right" />
    <Field Def="s32 grip_style_1h_left" />
    <Field Def="s32 grip_style_powerstance_right" />
    <Field Def="s32 grip_style_powerstance_left" />
    <Field Def="u8 powerstance_swap_type" />
    <Field Def="u8 position_1h_right" />
    <Field Def="u8 relative_position_1h_right" />
    <Field Def="u8 position_1h_left" />
    <Field Def="u8 relative_position_1h_left" />
    <Field Def="u8 position_2h_right" />
    <Field Def="u8 relative_position_2h_right" />
    <Field Def="u8 position_unknown1" />
    <Field Def="u8 relative_position_unknown1" />
    <Field Def="u8 position_2h_left" />
    <Field Def="u8 relative_position_2h_left" />
    <Field Def="u8 position_unknown2" />
    <Field Def="u8 relative_position_unknown2" />
    <Field Def="u8 holsterPosition_right" />
    <Field Def="u8 holsterrelative_position_right" />
    <Field Def="u8 holsterPosition_left" />
    <Field Def="u8 holsterrelative_position_left" />
    <Field Def="u8 cast_type" />
    <Field Def="u8 weapon_category_name" />
    <Field Def="u8 swing_sound" />
    <Field Def="s32 Unk02" />
    <Field Def="f32 Unk03" />
    <Field Def="f32 Unk04" />
    <Field Def="f32 Unk05" />
    <Field Def="f32 Unk06" />
    <Field Def="f32 Unk07" />
    <Field Def="u8 Unk08" />
    <Field Def="u8 Unk09" />
    <Field Def="u8 Unk10" />
    <Field Def="u8 is_cast_hexes_chime" />
    <Field Def="f32 left_hand_damage_mult" />
    <Field Def="f32 Unk11" />
    <Field Def="f32 Unk12" />
    <Field Def="f32 right_hand_damage_mult" />
    <Field Def="f32 Unk13" />
    <Field Def="f32 Unk14" />
    <Field Def="f32 counter_damage" />
    <Field Def="f32 Unk15" />
    <Field Def="f32 Unk16" />
    <Field Def="f32 Unk17" />
    <Field Def="f32 Unk18" />
    <Field Def="f32 Unk19" />
    <Field Def="f32 Unk20" />
    <Field Def="f32 Unk21" />
    <Field Def="f32 Unk22" />
    <Field Def="f32 Unk23" />
    <Field Def="f32 Unk24" />
    <Field Def="f32 Unk25" />
    <Field Def="f32 Unk26" />
    <Field Def="u8 Unk27" />
    <Field Def="u8 Unk28" />
    <Field Def="u16 bow_distance" />
    <Field Def="s32 backstab_check_anim" />
    <Field Def="s32 guardbreak_check_anim" />
    <Field Def="f32 Unk29" />
    <Field Def="f32 Unk30" />
    <Field Def="f32 Unk31" />
    <Field Def="f32 Unk32" />
    <Field Def="f32 Unk33" />
    <Field Def="f32 Unk34" />
    <Field Def="f32 Unk35" />
    <Field Def="f32 Unk36" />
    <Field Def="f32 guard_stamina_regen" />
    <Field Def="f32 Unk37" />
    <Field Def="f32 Unk38" />
    <Field Def="f32 Unk39" />
    <Field Def="f32 Unk40" />
    <Field Def="f32 Unk41" />
    <Field Def="f32 Unk42" />
    <Field Def="f32 Unk43" />
    <Field Def="f32 Unk44" />
    <Field Def="f32 Unk45" />
    <Field Def="f32 Unk46" />
    <Field Def="f32 Unk47" />
    <Field Def="f32 Unk48" />
    <Field Def="s32 Unk49" />
    <Field Def="f32 Unk50" />
    <Field Def="f32 Unk51" />
    <Field Def="f32 cast_speed" />
    <Field Def="f32 Unk52" />
    <Field Def="f32 Unk53" />
    <Field Def="f32 Unk54" />
    <Field Def="f32 Unk55" />
    <Field Def="f32 Unk56" />
    <Field Def="f32 Unk57" />
    <Field Def="f32 Unk58" />
    <Field Def="f32 Unk59" />
    <Field Def="s32 Unk60" />
    <Field Def="s32 Unk61" />
    <Field Def="u8 Unk62" />
    <Field Def="u8 Unk63" />
    <Field Def="u8 mundane_scaling_mult" />
    <Field Def="u8 Unk64" />
  </Fields>
</PARAMDEF>
