﻿<?xml version="1.0" encoding="utf-8"?>
<PARAMMETA XmlVersion="0">
  <Self Row0Dummy="" />
  <Field>
    <edit_Age AltName="Age"/>
    <edit_Hormones AltName="Hormones"/>
    <edit_FormEmphasis AltName="Form emphasis"/>
    <edit_ColorEmphasis AltName="Color emphasis"/>
    <edit_RelativeNoseSize AltName="Relative nose size"/>
    <edit_RatioNoseToForehead AltName="Ratio of nose to forehead"/>
    <edit_FacialWidth AltName="Facial width"/>
    <edit_FacialRoundness AltName="Facial roundness"/>
    <edit_VerticalSpacing AltName="Vertical spacing"/>
    <edit_Placement AltName="Placement"/>
    <edit_HorizontalSpacing AltName="Horizontal spacing"/>
    <edit_SkinColor1 AltName="Skin color 1"/>
    <edit_SkinColor2 AltName="Skin color 2"/>
    <edit_SkinColor3 AltName="Skin color 3"/>
    <edit_SkinColor4 AltName="Skin color 4"/>
    <edit_SkinColor5 AltName="Skin color 5"/>
    <edit_NoseRidgeColor AltName="Nose ridge color"/>
    <edit_CheekColor AltName="Cheek color"/>
    <edit_GlabellaWidth AltName="Glabella width"/>
    <edit_GlabellaDepth AltName="Glabella depth"/>
    <edit_GlabellaProturation AltName="Glabella proturation"/>
    <edit_GlabellaHeight AltName="Glabella height"/>
    <edit_NoseRidgeProtrusion1 AltName="Nose ridge protrusion 1"/>
    <edit_NoseRidgeProtrusion2 AltName="Nose ridge protrusion 2"/>
    <edit_GlabellaWidthEyebrows AltName="Glabella width - Eyebrows"/>
    <edit_BrowHeight AltName="Brow height"/>
    <edit_InnerBrow AltName="Inner Brow"/>
    <edit_OuterBrow AltName="Outer Brow"/>
    <edit_EyePosition AltName="Eye Position"/>
    <edit_EyeSize AltName="Eye Size"/>
    <edit_EyeAngle AltName="Eye Angle"/>
    <edit_EyeSpacing AltName="Eye Spacing"/>
    <edit_EyeSocketColor1 AltName="Eye Socket Color 1"/>
    <edit_EyeSocketColor2 AltName="Eye Socket Color 2"/>
    <edit_EyeBrightness AltName="Eye Brightness"/>
    <edit_EyelidColor AltName="Eyelid Color"/>
    <edit_EyeLiner AltName="Eye Liner"/>
    <edit_EyeShadow AltName="Eye Shadow"/>
    <edit_NoseRidgeDepth AltName="Nose Ridge Depth"/>
    <edit_NoseRidgeLength AltName="Nose Ridge Length"/>
    <edit_NosePosition AltName="Nose Position"/>
    <edit_NoseHeight AltName="Nose Height"/>
    <edit_NoseProtrusion AltName="Nose Protrusion"/>
    <edit_NoseTipHeight AltName="Nose tip Height"/>
    <edit_NostrilAngle AltName="Nostril Angle"/>
    <edit_NostrillSize AltName="Nostrill Size"/>
    <edit_NostrilWidth AltName="Nostril Width"/>
    <edit_CheckboneHeight AltName="Checkbone Height"/>
    <edit_CheekboneDepth AltName="Cheekbone Depth"/>
    <edit_CheekboneSpread AltName="Cheekbone spread"/>
    <edit_CheekFullness AltName="Cheek Fullness"/>
    <edit_Cheeks AltName="Cheeks"/>
    <edit_LaughLines AltName="Laugh Lines"/>
    <edit_LipShape AltName="Lip Shape"/>
    <edit_MouthExpression AltName="Mouth Expression"/>
    <edit_Fullness AltName="Fullness"/>
    <edit_LipSize AltName="Lip Size"/>
    <edit_LipProtrusion AltName="Lip Protrusion"/>
    <edit_LipThickness AltName="Lip Thickness"/>
    <edit_MouthProtrusion AltName="Mouth Protrusion"/>
    <edit_MouthSlant AltName="Mouth Slant"/>
    <edit_Occlusion AltName="Occlusion"/>
    <edit_Position AltName="Position"/>
    <edit_Width AltName="Width"/>
    <edit_DistanceMouthToChin AltName="Distance from mouth to chin"/>
    <edit_CheekFullness2 AltName="Cheek Fullness 2"/>
    <edit_Lipstick1 AltName="Lipstick 1"/>
    <edit_Lipstick2 AltName="Lipstick 2"/>
    <edit_JawPosition AltName="Jaw Position"/>
    <edit_JawLength AltName="Jaw Length"/>
    <edit_JawProtrusion AltName="Jaw Protrusion"/>
    <edit_ChinTipDepth AltName="Chin Tip Depth"/>
    <edit_JawSize AltName="Jaw Size"/>
    <edit_JawHeight AltName="Jaw Height"/>
    <edit_JawSpread AltName="Jaw Spread"/>
    <edit_JawBreadth AltName="Jaw Breadth"/>
    <edit_Chin AltName="Chin"/>
    <edit_JawOutline AltName="Jaw Outline"/>
  </Field>
</PARAMMETA>