﻿<?xml version="1.0" encoding="utf-8"?>
<PARAMMETA XmlVersion="0">
  <Enums>
    <Enum Name="DefaultStateType">
      <Option Value="0" Name="None" />
      <Option Value="1" Name="Inactive" />
      <Option Value="2" Name="Active" />
    </Enum>
  </Enums>
  <Self Row0Dummy="" />
  <Field>
    <param_id AltName="Param ID" />
    <obj_bullet_1 AltName="Object Bullet [1]" Refs="SystemBulletParam" />
    <obj_bullet_2 AltName="Object Bullet [2]" Refs="SystemBulletParam" />
    <map_obj_instance_type_id AltName="Map Object Instance Type ID" Refs="MapObjectInstanceTypeParam" />
    <default_state AltName="Default State" Enum="DefaultStateType" />
    <itemlot_id AltName="Itemlot ID" Refs="ItemLotParam2_Chr,ItemLotParam2_Other,ItemLotParam2_SvrEvent"/>
  </Field>
</PARAMMETA>