﻿<?xml version="1.0" encoding="utf-8"?>
<PARAMMETA XmlVersion="0">
  <Self Row0Dummy="" />
  <Field>
    <npc_info_id AltName="Info ID" Refs="NpcInfoParam" />
    <right_weapon_id_1 AltName="[1] Right Weapon ID" Refs="WeaponParam" />
    <right_weapon_id_2 AltName="[2] Right Weapon ID" Refs="WeaponParam" />
    <right_weapon_id_3 AltName="[3] Right Weapon ID" Refs="WeaponParam" />
    <left_weapon_id_1 AltName="[1] Left Weapon ID" Refs="WeaponParam" />
    <left_weapon_id_2 AltName="[2] Left Weapon ID" Refs="WeaponParam" />
    <left_weapon_id_3 AltName="[3] Left Weapon ID" Refs="WeaponParam" />
    <head_armor_id AltName="Head Armor ID" Refs="ArmorParam" />
    <chest_armor_id AltName="Chest Armor ID" Refs="ArmorParam" />
    <hands_armor_id AltName="Hands Armor ID" Refs="ArmorParam" />
    <legs_armor_id AltName="Legs Armor ID" Refs="ArmorParam" />
  </Field>
</PARAMMETA>