﻿<?xml version="1.0" encoding="utf-8"?>
<PARAMMETA XmlVersion="0">
  <Self Row0Dummy="" />
  <Field>   
    <deathstone_spawn_delay AltName="Tombstone Spawn Delay Time"/>
    <npc_death_flag AltName="Death Event Flag ID"/>
    <revival_cost AltName="Revival Cost"/>
    <npc_name_swap_param_id AltName="Name Swap ID" Refs="NpcNameSwapParam" />
    <souls_for_gift_goods_vendor AltName="Souls for Gift (Goods Vendor)"/>
    <souls_for_gift_blacksmith AltName="Souls for Gift (Blacksmith)"/>
    <int_requirement_for_gift AltName="INT Requirement for Gift"/>
    <fth_requirement_for_gift AltName="FTH Requirement for Gift"/>
    <shop_lineup_souls_for_update_1 AltName="Souls for ShopLineup Update [1]"/>
    <shop_lineup_souls_for_update_2 AltName="Souls for ShopLineup Update [2]"/>
  </Field>
</PARAMMETA>